,name,code
0,JS전선,005560.KS
1,거북선2호,101380.KS
2,거북선6호,114140.KS
3,교보메리츠,064900.KS
4,국제관광공사,028780.KS
5,굿리치경매1,085450.KS
6,그린손해보험,000470.KS
7,극동건설,000980.KS
8,금성산업,028930.KS
9,금호케미칼,014740.KS
10,기라정보통신,019930.KS
11,나라종금,016390.KS
12,뉴맥스,014080.KS
13,대덕GDS,004130.KS
14,대한종금,009030.KS
15,동국무역,004420.KS
16,동부일렉트로닉스,001830.KS
17,동북아14호선박투자,083390.KS
18,동북아9호,083120.KS
19,동아콘크리트공업,029230.KS
20,두산상사,000090.KS
21,라이프주택,010530.KS
22,마이다스성일,035590.KS
23,미성건설,028400.KS
24,보람은행,008890.KS
25,보루네오가구,004740.KS
26,삼보증권,029150.KS
27,삼성신약,003400.KS
28,삼양제넥스,003940.KS
29,서울교통공사,000730.KS
30,세원화성,007910.KS
31,송원칼라,011450.KS
32,스마텔,004190.KS
33,신승기업,028980.KS
34,신정제지,018690.KS
35,신한은행,000010.KS
36,신호전자,008190.KS
37,신호페이퍼,012190.KS
38,아시아7호,082260.KS
39,아시아퍼시픽11호,083580.KS
40,아시아퍼시픽12호,083590.KS
41,아시아퍼시픽15호,083620.KS
42,알바트로스,034180.KS
43,알앤엘바이오,003190.KS
44,에스지신성건설,001970.KS
45,에이치비이에너지,017300.KS
46,엘아이지건설(주),012720.KS
47,연합과기,900030.KS
48,영풍산업,002850.KS
49,우성건설,008640.KS
50,우진건설산업,029110.KS
51,우진전기,012050.KS
52,유리이에스,007050.KS
53,이지닷컴,012260.KS
54,장기은행,005020.KS
55,제일종금,012500.KS
56,제일화재해상보험,000610.KS
57,조선맥주,034380.KS
58,중앙제지,005600.KS
59,중앙종금,008990.KS
60,지비베트남1,094950.KS
61,캠브리지코오롱,004620.KS
62,케니상사,028560.KS
63,코리아01호,090970.KS
64,태림페이퍼,019300.KS
65,트러스제7호,140890.KS
66,티엘씨레저,014590.KS
67,팬택앤큐리텔,063350.KS
68,평안섬유공업,028360.KS
69,플래티넘1호,034580.KS
70,한국생사,028380.KS
71,한국운수,028750.KS
72,한국코아,010150.KS
73,한길종금,014430.KS
74,한솔아트원제지,007190.KS
75,한솔종금,010220.KS
76,한주전자,007000.KS
77,한주화학,010970.KS
78,한화기계,000930.KS
79,한화화인케미칼,025850.KS
80,현대DSF,016510.KS
81,현대반도체,029890.KS
82,현대하이스코,010520.KS
83,화인자산관리,010460.KS
84,흥양,010030.KS
85,DSR,155660.KS
86,GS,078930.KS
87,GS글로벌,001250.KS
88,HDC현대산업개발,294870.KS
89,LG이노텍,011070.KS
90,LG전자,066570.KS
91,LG헬로비전,037560.KS
92,OCI,010060.KS
93,S&TC,100840.KS
94,S&T모티브,064960.KS
95,SK네트웍스,001740.KS
96,SK이노베이션,096770.KS
97,STX,011810.KS
98,WISCOM,024070.KS
99,갤럭시아에스엠,011420.KS
100,경동인베스트,012320.KS
101,고려아연,010130.KS
102,국보,001140.KS
103,극동유화,014530.KS
104,까뮤이앤씨,013700.KS
105,남양유업,003920.KS
106,대영포장,014160.KS
107,대한해운,005880.KS
108,동아쏘시오홀딩스,000640.KS
109,동양,001520.KS
110,동화약품,000020.KS
111,두산,000150.KS
112,락앤락,115390.KS
113,마니커,027740.KS
114,메리츠증권,008560.KS
115,모두투어리츠,204210.KS
116,부국증권,001270.KS
117,삼성SDI,006400.KS
118,삼성바이오로직스,207940.KS
119,삼성출판사,068290.KS
120,삼성화재해상보험,000810.KS
121,삼양홀딩스,000070.KS
122,삼영전자공업,005680.KS
123,삼영화학공업,003720.KS
124,상상인증권,001290.KS
125,선도전기,007610.KS
126,선진,136490.KS
127,세방전지,004490.KS
128,세원셀론텍,091090.KS
129,신한알파리츠,293940.KS
130,신한지주,055550.KS
131,에넥스,011090.KS
132,에스원,012750.KS
133,영화금속,012280.KS
134,원림,005820.KS
135,윌비스,008600.KS
136,유나이티드,033270.KS
137,인지컨트롤스,023800.KS
138,인터지스,129260.KS
139,일성건설,013360.KS
140,일진다이아,081000.KS
141,제일약품,271980.KS
142,제일연마,001560.KS
143,제일파마홀딩스,002620.KS
144,제주항공,089590.KS
145,조흥,002600.KS
146,지역난방공사,071320.KS
147,진도,088790.KS
148,컨버즈,109070.KS
149,코오롱인더,120110.KS
150,태경산업,015890.KS
151,태광산업,003240.KS
152,태양금속공업,004100.KS
153,포스코강판,058430.KS
154,포스코케미칼,003670.KS
155,폴루스바이오팜,007630.KS
156,필룩스,033180.KS
157,한국공항,005430.KS
158,한국제지,002300.KS
159,한국종합기술,023350.KS
160,한국철강,104700.KS
161,한국패러랠,168490.KS
162,한라홀딩스,060980.KS
163,한미사이언스,008930.KS
164,한미약품,128940.KS
165,한솔로지스틱스,009180.KS
166,한일철강,002220.KS
167,한일현대시멘트,006390.KS
168,한창제지,009460.KS
169,한화생명,088350.KS
170,현대건설,000720.KS
171,현대건설기계,267270.KS
172,현대모비스,012330.KS
173,현대비앤지스틸,004560.KS
174,현대엘리베이터,017800.KS
175,현대차증권,001500.KS
176,현대홈쇼핑,057050.KS
177,호전실업,111110.KS
178,호텔신라,008770.KS
179,효성중공업,298040.KS
180,LG종금,008810.KS
181,거북선4호,108890.KS
182,경남에너지,008020.KS
183,경동산업,002940.KS
184,경일화학공업,028580.KS
185,국민은행_(합병전),023130.KS
186,금강피혁,013040.KS
187,금성투자금융,028450.KS
188,기린,006070.KS
189,기산,011470.KS
190,남양소금,029060.KS
191,대농,001110.KS
192,대성자원,004260.KS
193,대우전자,007410.KS
194,대우중공업,000200.KS
195,대일화학공업,003110.KS
196,대한모방,001350.KS
197,대한알루미늄공업,009050.KS
198,대호,001980.KS
199,동국중기공업,028410.KS
200,동북아21호선박투자,088010.KS
201,동아금고,030710.KS
202,동양현대종금,008980.KS
203,동양화학공업,002740.KS
204,동원증권,005890.KS
205,럭키소재,034370.KS
206,롯데미도파,004010.KS
207,문화방송,028860.KS
208,박현주2성장,037480.KS
209,범양식품,008750.KS
210,범화건설,029080.KS
211,부국제강,029170.KS
212,삼보컴퓨터,014900.KS
213,삼삼종금,016500.KS
214,삼성물산,000830.KS
215,삼신,011540.KS
216,삼양엔텍,008720.KS
217,새서울상사,028350.KS
218,새한상사,028990.KS
219,서광,003260.KS
220,서진식품,028550.KS
221,성지건설,005980.KS
222,승리기계제작소,028540.KS
223,신한은행(조흥),015580.KS
224,아시아퍼시픽13호,083600.KS
225,아시아퍼시픽14호,083610.KS
226,에스와이,004530.KS
227,에프지엔개발리츠,119250.KS
228,영원통신,028520.KS
229,우리금융지주,053000.KS
230,인천중공업,028770.KS
231,일신,031060.KS
232,제일저축은행,024100.KS
233,중국고섬,950070.KS
234,진성레미컨,002910.KS
235,진영산업,004330.KS
236,청화상공,016490.KS
237,카스코,005330.KS
238,케이엠에이치,009690.KS
239,코리아03호,090990.KS
240,코크렙II,070540.KS
241,코크렙제3호CR리츠,073530.KS
242,태화쇼핑,015880.KS
243,태흥피혁,016680.KS
244,티이씨코,008900.KS
245,풍진,028640.KS
246,플래티넘3호,035040.KS
247,플래티넘타겟,035050.KS
248,하나은행,002860.KS
249,한일방직,004210.KS
250,한일양행의약품,004350.KS
251,한주통산,000450.KS
252,한진건설,005660.KS
253,한화폴리드리머,003500.KS
254,허메스홀딩스,012400.KS
255,현대경매부동산일호,083160.KS
256,현대리바트,012830.KS
257,현대페인트,011720.KS
258,호승,017070.KS
259,BGF리테일,282330.KS
260,CJ CGV,079160.KS
261,CJ대한통운,000120.KS
262,GKL,114090.KS
263,GS건설,006360.KS
264,KB금융,105560.KS
265,SG충방,001380.KS
266,SKC,011790.KS
267,금강공업,014280.KS
268,금호산업,002990.KS
269,금호전기,001210.KS
270,기업은행,024110.KS
271,남선알미늄,008350.KS
272,남성,004270.KS
273,대구백화점,006370.KS
274,대덕전자,008060.KS
275,대우건설,047040.KS
276,대원제약,003220.KS
277,대한방직,001070.KS
278,대한제강,084010.KS
279,대한제당,001790.KS
280,대현,016090.KS
281,덕양산업,024900.KS
282,동원금속,018500.KS
283,두산인프라코어,042670.KS
284,디씨엠,024090.KS
285,디티알오토모티브,007340.KS
286,롯데손해보험,000400.KS
287,롯데칠성음료,005300.KS
288,만도,204320.KS
289,미래에셋생명,085620.KS
290,미원홀딩스,107590.KS
291,백산,035150.KS
292,보락,002760.KS
293,사조대림,003960.KS
294,사조동아원,008040.KS
295,삼부토건,001470.KS
296,삼호,001880.KS
297,서원,021050.KS
298,세방,004360.KS
299,세아홀딩스,058650.KS
300,세이브존I&C,067830.KS
301,신송홀딩스,006880.KS
302,신일전자,002700.KS
303,써니전자,004770.KS
304,아이마켓코리아,122900.KS
305,아이에이치큐,003560.KS
306,에이블씨엔씨,078520.KS
307,엔씨소프트,036570.KS
308,영보화학,014440.KS
309,영진약품,003520.KS
310,영풍,000670.KS
311,예스코홀딩스,015360.KS
312,유니온머티리얼,047400.KS
313,유성기업,002920.KS
314,유유제약,000220.KS
315,유한양행,000100.KS
316,이마트,139480.KS
317,이수화학,005950.KS
318,이스타코,015020.KS
319,일정실업,008500.KS
320,종근당,185750.KS
321,종근당홀딩스,001630.KS
322,지엠비코리아,013870.KS
323,진원생명과학,011000.KS
324,케이씨텍,281820.KS
325,코리아써키트,007810.KS
326,코스모화학,005420.KS
327,코아스,071950.KS
328,코오롱플라스틱,138490.KS
329,쿠쿠홀딩스,192400.KS
330,큐로,015590.KS
331,태영건설,009410.KS
332,티비에이치글로벌,084870.KS
333,파미셀,005690.KS
334,하이트론씨스템즈,019490.KS
335,하이트진로,000080.KS
336,한국금융지주,071050.KS
337,한국전자홀딩스,006200.KS
338,한국테크놀로지그룹,000240.KS
339,한국토지신탁,034830.KS
340,한일시멘트,300720.KS
341,한전KPS,051600.KS
342,한화시스템,272210.KS
343,해태제과식품,101530.KS
344,현대에이치씨엔,126560.KS
345,현대위아,011210.KS
346,현대중공업지주,267250.KS
347,현대코퍼레이션홀딩스,227840.KS
348,화승인더스트리,006060.KS
349,화천기공,000850.KS
350,환인제약,016580.KS
351,효성,004800.KS
352,효성화학,298000.KS
353,KB캐피탈,021960.KS
354,LG금속,000170.KS
355,갑을,009840.KS
356,경남은행,192520.KS
357,경성전기,028740.KS
358,계몽사,011840.KS
359,고려증권,002730.KS
360,고합물산,007380.KS
361,국민은행,060000.KS
362,금강산업,028970.KS
363,금성기전,007230.KS
364,금성통신,006270.KS
365,기온물산,028510.KS
366,다산리츠,105380.KS
367,다함이텍,009280.KS
368,대구종금,014390.KS
369,대신불펀드일,036390.KS
370,대아리드선,009940.KS
371,대우정밀공업,015730.KS
372,대한염업,028890.KS
373,동국전자,012220.KS
374,동산씨앤지,001400.KS
375,동서호라이즌증권,001090.KS
376,동신,012270.KS
377,동화은행,021310.KS
378,두산건설,011160.KS
379,두산백화,000330.KS
380,두산테크팩,001690.KS
381,레이디,025840.KS
382,리젠트종금,015650.KS
383,리젠트화재보험,001030.KS
384,마이크로닉스,001190.KS
385,만도기계,005790.KS
386,미우,009990.KS
387,바다로3호,092630.KS
388,반도목재,029250.KS
389,벽산건설,002530.KS
390,부산은행,005280.KS
391,부흥,003930.KS
392,산은캐피탈,008270.KS
393,삼도물산,002930.KS
394,삼양종금,014450.KS
395,삼익주택,005580.KS
396,삼화프라스틱,028950.KS
397,새한종금,011960.KS
398,서울저축은행,016560.KS
399,선진지주,014300.KS
400,스타리스,018020.KS
401,신광기업,001580.KS
402,신동방CP,004660.KS
403,신원제이엠씨,001160.KS
404,신한종금,016350.KS
405,신한카드,032710.KS
406,아시아5호,082240.KS
407,아이넥스,008440.KS
408,양우화학공업,028590.KS
409,우단,016260.KS
410,울산실업,029100.KS
411,장인환1호,036870.KS
412,중원전자,028610.KS
413,청구,011510.KS
414,코크렙1호부동산투자,067910.KS
415,태양이앤테크,013070.KS
416,태창목재공업,029140.KS
417,태평양제약,016570.KS
418,평산차업,950010.KS
419,플래티넘2호,034850.KS
420,피어리스,002130.KS
421,한국고덴시,027840.KS
422,한국물산,011820.KS
423,한국씨티은행,016830.KS
424,한국주택은행,027460.KS
425,한메NS,006150.KS
426,한스종금,012710.KS
427,한화갤러리아타임월드,027390.KS
428,현대푸드,114410.KS
429,환영철강공업,012670.KS
430,AJ네트웍스,095570.KS
431,CJ,001040.KS
432,CJ제일제당,097950.KS
433,DRB동일,004840.KS
434,HDC아이콘트롤스,039570.KS
435,HMM,011200.KS
436,KPX케미칼,025000.KS
437,KTis,058860.KS
438,LG상사,001120.KS
439,MH에탄올,023150.KS
440,SBS,034120.KS
441,SBS미디어홀딩스,101060.KS
442,SK텔레콤,017670.KS
443,강원랜드,035250.KS
444,고려개발,004200.KS
445,교보증권,030610.KS
446,국동,005320.KS
447,국제약품,002720.KS
448,금양,001570.KS
449,금호에이치티,214330.KS
450,남해화학,025860.KS
451,넥센타이어,002350.KS
452,녹십자홀딩스,005250.KS
453,농심홀딩스,072710.KS
454,다스코,058730.KS
455,대웅제약,069620.KS
456,대한유화,006650.KS
457,더블유게임즈,192080.KS
458,더존비즈온,012510.KS
459,덕성,004830.KS
460,동방아그로,007590.KS
461,동서,026960.KS
462,동성코퍼레이션,102260.KS
463,동양생명,082640.KS
464,동원산업,006040.KS
465,두산퓨얼셀,336260.KS
466,드림텍,192650.KS
467,디아이,003160.KS
468,디와이,013570.KS
469,디피씨,026890.KS
470,롯데정밀화학,004000.KS
471,롯데정보통신,286940.KS
472,맥쿼리인프라,088980.KS
473,메타랩스,090370.KS
474,명문제약,017180.KS
475,모토닉,009680.KS
476,미원화학,134380.KS
477,범양건영,002410.KS
478,베트남개발1,096300.KS
479,빙그레,005180.KS
480,삼성에스디에스,018260.KS
481,삼성중공업,010140.KS
482,삼성증권,016360.KS
483,삼성카드,029780.KS
484,삼양통상,002170.KS
485,삼영무역,002810.KS
486,삼정펄프,009770.KS
487,샘표식품,248170.KS
488,서연이화,200880.KS
489,성보화학,003080.KS
490,세아제강,306200.KS
491,센트랄모텍,308170.KS
492,송원산업,004430.KS
493,신성이엔지,011930.KS
494,신세계인터내셔날,031430.KS
495,신세계푸드,031440.KS
496,신영증권,001720.KS
497,신한,005450.KS
498,신화실업,001770.KS
499,아세아시멘트,183190.KS
500,엔에이치엔,181710.KS
501,유니켐,011330.KS
502,유진증권,001200.KS
503,유화증권,003460.KS
504,이구산업,025820.KS
505,일성신약,003120.KS
506,제이에스코퍼레이션,194370.KS
507,조비,001550.KS
508,조선선재,120030.KS
509,종근당바이오,063160.KS
510,진양화학,051630.KS
511,청호컴넷,012600.KS
512,케이탑리츠,145270.KS
513,코스모신소재,005070.KS
514,코웨이,021240.KS
515,키위미디어그룹,012170.KS
516,태평양물산,007980.KS
517,테이팩스,055490.KS
518,텔코웨어,078000.KS
519,티웨이홀딩스,004870.KS
520,팜스코,036580.KS
521,퍼시스,016800.KS
522,풍산홀딩스,005810.KS
523,하이스틸,071090.KS
524,한국석유공업,004090.KS
525,한국수출포장공업,002200.KS
526,한국자산신탁,123890.KS
527,한국주강,025890.KS
528,한국콜마홀딩스,024720.KS
529,한샘,009240.KS
530,한솔홀딩스,004150.KS
531,한신기계공업,011700.KS
532,한화에어로스페이스,012450.KS
533,현대리바트,079430.KS
534,현대자동차,005380.KS
535,효성 ITX,094280.KS
536,휴니드테크놀러지스,005870.KS
537,GPS,014040.KS
538,KTF,032390.KS
539,LG정보통신,011650.KS
540,NH농협증권,016420.KS
541,강원은행,006590.KS
542,거성산업,008100.KS
543,경기은행,006320.KS
544,극동필트론,028910.KS
545,금성유업,028840.KS
546,금하방직,007790.KS
547,나우정밀,015340.KS
548,남선전기,028730.KS
549,대창건설,029090.KS
550,동북아27호,089170.KS
551,동북아30호,089200.KS
552,동성판유리,028850.KS
553,동신제지,016430.KS
554,동양건설,005900.KS
555,동양밸류스팩,122290.KS
556,두산기계,005040.KS
557,두산음료,004600.KS
558,맥쿼리센트럴,076850.KS
559,모토조이,008120.KS
560,미래에셋증권,037620.KS
561,사조해표,079660.KS
562,삼성반도체통신,028420.KS
563,삼화,028440.KS
564,서통화학,029050.KS
565,석락산업,029070.KS
566,센추리,006750.KS
567,셰프라인,012250.KS
568,수도극장,028720.KS
569,신강제지,019380.KS
570,신한인터내쇼날,012300.KS
571,신한전자,008650.KS
572,쌍용제지,005100.KS
573,아시아2호,081190.KS
574,엔케이텔레콤,003290.KS
575,영태전자공업,028530.KS
576,오리온전기,004390.KS
577,우리은행,000030.KS
578,우아미,015550.KS
579,유니온스틸,003640.KS
580,이트로닉스,013090.KS
581,장은증권,001170.KS
582,제일스레트공업,028830.KS
583,천지산업,001490.KS
584,케이와이씨,009400.KS
585,케이피케미칼,064420.KS
586,코리아02호,090980.KS
587,코오롱아이넷,022520.KS
588,코오롱포리에스타,029020.KS
589,태영판지공업,011940.KS
590,퍼시픽글라스,009080.KS
591,포스닉,008480.KS
592,풀무원식품,103160.KS
593,한강기금,036060.KS
594,한국기술산업,008320.KS
595,한국벨트,000840.KS
596,한국증권금융,028820.KS
597,한국프라스틱공업,028430.KS
598,한국합섬,025830.KS
599,한독맥주,028880.KS
600,한별텔레콤,016550.KS
601,한보철강공업,001920.KS
602,한외종금,014150.KS
603,현대금속,018410.KS
604,호남비료,028790.KS
605,DSR제강,069730.KS
606,JW중외제약,001060.KS
607,JW홀딩스,096760.KS
608,KPX홀딩스,092230.KS
609,KSS해운,044450.KS
610,LF,093050.KS
611,LG하우시스,108670.KS
612,LG화학,051910.KS
613,LIG넥스원,079550.KS
614,LS,006260.KS
615,NAVER,035420.KS
616,NH투자증권,005940.KS
617,NI스틸,008260.KS
618,SH에너지화학,002360.KS
619,SK증권,001510.KS
620,SK하이닉스,000660.KS
621,경인양행,012610.KS
622,경인전자,009140.KS
623,기신정기,092440.KS
624,나노메딕스,074610.KS
625,남영비비안,002070.KS
626,녹십자,006280.KS
627,대교,019680.KS
628,대동전자,008110.KS
629,대림비앤코,005750.KS
630,대양금속,009190.KS
631,대창,012800.KS
632,동국제강,001230.KS
633,두산솔루스,336370.KS
634,디아이동일,001530.KS
635,디아이씨,092200.KS
636,롯데관광개발,032350.KS
637,롯데케미칼,011170.KS
638,맵스리얼티1,094800.KS
639,무학,033920.KS
640,미래아이앤지,007120.KS
641,바다로19호,155900.KS
642,부산주공,005030.KS
643,비티원,101140.KS
644,사조씨푸드,014710.KS
645,삼성물산,028260.KS
646,삼성전자,005930.KS
647,삼성제약,001360.KS
648,삼양식품,003230.KS
649,삼원강재,023000.KS
650,삼익THK,004380.KS
651,삼일제약,000520.KS
652,삼진제약,005500.KS
653,삼화왕관,004450.KS
654,선창산업,002820.KS
655,성신양회,004980.KS
656,세기상사,002420.KS
657,세아특수강,019440.KS
658,세우글로벌,013000.KS
659,세원정공,021820.KS
660,세진중공업,075580.KS
661,셀트리온,068270.KS
662,신라교역,004970.KS
663,신성통상,005390.KS
664,신세계,004170.KS
665,신풍제약,019170.KS
666,아모레퍼시픽,090430.KS
667,아세아,002030.KS
668,아이에스동서,010780.KS
669,애경산업,018250.KS
670,에스제이엠,123700.KS
671,에이리츠,140910.KS
672,에이엔피,015260.KS
673,엔케이,085310.KS
674,엔피씨,004250.KS
675,영원무역홀딩스,009970.KS
676,우리들휴브레인,118000.KS
677,우신시스템,017370.KS
678,우진,105840.KS
679,우진플라임,049800.KS
680,웅진에너지,103130.KS
681,유니드,014830.KS
682,이건산업,008250.KS
683,이연제약,102460.KS
684,이월드,084680.KS
685,인스코비,006490.KS
686,조광페인트,004910.KS
687,조선내화,000480.KS
688,지누스,013890.KS
689,진에어,272450.KS
690,참엔지니어링,009310.KS
691,케이씨씨,002380.KS
692,케이씨씨글라스,344820.KS
693,코리아오토글라스,152330.KS
694,코오롱글로벌,003070.KS
695,쿠쿠홈시스,284740.KS
696,태경케미컬,006890.KS
697,토니모리,214420.KS
698,티탑스,030790.KS
699,페이퍼코리아,001020.KS
700,포스코,005490.KS
701,하나제약,293480.KS
702,한국화장품제조,003350.KS
703,한미글로벌,053690.KS
704,한솔피엔에스,010420.KS
705,한양증권,001750.KS
706,한진중공업,097230.KS
707,한진중공업홀딩스,003480.KS
708,한화,000880.KS
709,한화솔루션,009830.KS
710,현대에너지솔루션,322000.KS
711,현대제철,004020.KS
712,황금에스티,032560.KS
713,GBS,076170.KS
714,KB손해보험,002550.KS
715,KB증권,003450.KS
716,KNC,018590.KS
717,LGEI,002610.KS
718,LG파워콤,045820.KS
719,SBI모기지,950100.KS
720,SEI에셋,034770.KS
721,강원산업,000900.KS
722,거북선7호,134000.KS
723,건설산업,029000.KS
724,경남기업,000800.KS
725,경남은행,006610.KS
726,경향건설,002050.KS
727,고려석유화학,021170.KS
728,고려시멘트,003660.KS
729,광주고속,028800.KS
730,금경,015980.KS
731,금성전기,029260.KS
732,나이키스포츠,028630.KS
733,대우통신,005060.KS
734,대진해운,028920.KS
735,동방화공,004290.KS
736,동북아15호,084240.KS
737,동북아29호,089190.KS
738,동북아5호,080980.KS
739,동성,002470.KS
740,동신제약,006600.KS
741,동아정기,012760.KS
742,맥슨텔레콤,009890.KS
743,메리츠종금,012420.KS
744,미원,002440.KS
745,백산전자,028600.KS
746,보고산업,029130.KS
747,봉신,005350.KS
748,삼미광업개발,029190.KS
749,삼성건설,002010.KS
750,삼성디지털이미징,108070.KS
751,삼익건설,002180.KS
752,삼환기업,000360.KS
753,서광건설산업,001600.KS
754,성원건설,012090.KS
755,성화,004610.KS
756,세신,004230.KS
757,솔로몬저축은행,007800.KS
758,신성에프에이,104120.KS
759,신진자동차판매,028870.KS
760,신한금융투자,008670.KS
761,신한증권,003320.KS
762,쌍용종금,014490.KS
763,아세아페이퍼텍,009380.KS
764,아시아8호,081930.KS
765,알보젠코리아,002250.KS
766,영진테크,012470.KS
767,영창악기제조,001890.KS
768,외환신용카드,038400.KS
769,우창건설,029240.KS
770,율산실업,029980.KS
771,이코리아리츠,138440.KS
772,인성기연,028620.KS
773,인켈,006510.KS
774,인터피온반도체,014010.KS
775,일진,010510.KS
776,일화모직공업,001590.KS
777,진흥저축은행,007200.KS
778,케드콤,011050.KS
779,코리아07호,099210.KS
780,코원에너지서비스,026870.KS
781,코크렙8호,090540.KS
782,트윈스비전일,034840.KS
783,파브코,101990.KS
784,풍림산업,001310.KS
785,플러스1호,034990.KS
786,하나은행,004940.KS
787,한국유리공업,002000.KS
788,한국전기초자,009720.KS
789,한국종금,011260.KS
790,한라시멘트,012910.KS
791,훈영,017170.KS
792,휴리프,006210.KS
793,CJ씨푸드,011150.KS
794,DB금융투자,016610.KS
795,DGB금융지주,139130.KS
796,E1,017940.KS
797,HDC현대EP,089470.KS
798,KC코트렐,119650.KS
799,KEC,092220.KS
800,KISCO홀딩스,001940.KS
801,LG,003550.KS
802,LG디스플레이,034220.KS
803,LS전선아시아,229640.KS
804,NH프라임리츠,338100.KS
805,S&T중공업,003570.KS
806,S&T홀딩스,036530.KS
807,S-Oil,010950.KS
808,계룡건설산업,013580.KS
809,고려제강,002240.KS
810,노루페인트,090350.KS
811,대상,001680.KS
812,대성홀딩스,016710.KS
813,대우조선해양,042660.KS
814,대호에이엘,069460.KS
815,덴티움,145720.KS
816,동북아13호선박투자,083380.KS
817,동원F&B,049770.KS
818,동일고무벨트,163560.KS
819,두산밥캣,241560.KS
820,두산중공업,034020.KS
821,롯데제과,280360.KS
822,만호제강,001080.KS
823,모나미,005360.KS
824,문배철강,008420.KS
825,미창석유공업,003650.KS
826,백광산업,001340.KS
827,벽산,007210.KS
828,부광약품,003000.KS
829,부국철강,026940.KS
830,부산도시가스,015350.KS
831,비상교육,100220.KS
832,사조산업,007160.KS
833,삼성공조,006660.KS
834,삼성생명,032830.KS
835,삼성전기,009150.KS
836,삼양패키징,272550.KS
837,삼화전기,009470.KS
838,새론오토모티브,075180.KS
839,샘표,007540.KS
840,서연,007860.KS
841,서흥,008490.KS
842,수산중공업,017550.KS
843,신세계I&C,035510.KS
844,신세계건설,034300.KS
845,신영와코루,005800.KS
846,신원,009270.KS
847,신풍제지,002870.KS
848,아주캐피탈,033660.KS
849,에이프로젠 KIC,007460.KS
850,엘브이엠씨,900140.KS
851,엘에스일렉트릭,010120.KS
852,오리온,271560.KS
853,우리금융지주,316140.KS
854,우성사료,006980.KS
855,웰바이오텍,010600.KS
856,유니온,000910.KS
857,유안타증권,003470.KS
858,인천도시가스,034590.KS
859,일동홀딩스,000230.KS
860,일진머티리얼즈,020150.KS
861,일진전기,103590.KS
862,잇츠한불,226320.KS
863,조광피혁,004700.KS
864,조일알미늄,018470.KS
865,진흥기업,002780.KS
866,카카오,035720.KS
867,케이씨티시,009070.KS
868,케이티,030200.KS
869,코리안리,003690.KS
870,코스맥스비티아이,044820.KS
871,코오롱머티리얼,144620.KS
872,크라운제과,264900.KS
873,크라운해태홀딩스,005740.KS
874,태림포장,011280.KS
875,태원물산,001420.KS
876,티에이치엔,019180.KS
877,팬오션,028670.KS
878,평화산업,090080.KS
879,하나투어,039130.KS
880,한국타이어앤테크놀로지,161390.KS
881,한국프랜지공업,010100.KS
882,한독,002390.KS
883,한세엠케이,069640.KS
884,한솔제지,213500.KS
885,한솔케미칼,014680.KS
886,한솔테크닉스,004710.KS
887,한온시스템,018880.KS
888,한전산업,130660.KS
889,한진,002320.KS
890,해성디에스,195870.KS
891,현대해상,001450.KS
892,형지엘리트,093240.KS
893,혜인,003010.KS
894,화성산업,002460.KS
895,화승엔터프라이즈,241590.KS
896,휠라홀딩스,081660.KS
897,휴비스,079980.KS
898,AP우주통신,015670.KS
899,BHK,003990.KS
900,SK인천정유,006290.KS
901,STX조선해양,067250.KS
902,거북선1호선박투자,092970.KS
903,경남모직,001670.KS
904,경남종금,014400.KS
905,고려화학,010110.KS
906,고제,002540.KS
907,굿리치경매2,088510.KS
908,금성계전,010000.KS
909,금호건설,000570.KS
910,나눔공간,028940.KS
911,대구은행,005270.KS
912,대망,028370.KS
913,대선주조,004110.KS
914,대우송도개발,004550.KS
915,대한종합건설,029030.KS
916,동북아11호선박투자,083360.KS
917,동북아28호,089180.KS
918,동북아4호,080970.KS
919,동북아8호,082110.KS
920,두산건설,002950.KS
921,로케트전기,000420.KS
922,맵스베트남1,094520.KS
923,벽산개발,002080.KS
924,삼미,002580.KS
925,삼영금속,029120.KS
926,서통,001150.KS
927,세명종합건설,029840.KS
928,신성이엔지,104110.KS
929,신세계종금,016690.KS
930,신화건설,006160.KS
931,아남정밀,028490.KS
932,아시아1호,080180.KS
933,아시아6호,082250.KS
934,아시아차,004280.KS
935,에스와이코퍼레이션,008080.KS
936,오렌지라이프,079440.KS
937,온미디어,045710.KS
938,전북은행,006350.KS
939,제일냉동,010910.KS
940,제일모직,001300.KS
941,조인에너지,004820.KS
942,중원,003840.KS
943,충북은행,007240.KS
944,케이씨오에너지,011400.KS
945,케이알제2호,101790.KS
946,코리아04호,091000.KS
947,코스파이더,034190.KS
948,코오롱유화,011020.KS
949,하이골드2호,139200.KS
950,하이트맥주,103150.KS
951,한국유리,028760.KS
952,한국저축은행,025610.KS
953,한국컴퓨터지주,009760.KS
954,한양,008690.KS
955,한일은행,000130.KS
956,한일합섬,003980.KS
957,한화종금,016480.KS
958,현대울산종금,015620.KS
959,현대차써비스,009650.KS
960,효성물산,001930.KS
961,휴닉스,009790.KS
962,CS홀딩스,000590.KS
963,DB,012030.KS
964,DB손해보험,005830.KS
965,F&F,007700.KS
966,GS리테일,007070.KS
967,HDC,012630.KS
968,JW생명과학,234080.KS
969,KC그린홀딩스,009440.KS
970,KG동부제철,016380.KS
971,KR모터스,000040.KS
972,LG유플러스,032640.KS
973,SG세계물산,004060.KS
974,SPC삼립,005610.KS
975,경농,002100.KS
976,경동도시가스,267290.KS
977,경방,000050.KS
978,광동제약,009290.KS
979,광주신세계,037710.KS
980,국도화학,007690.KS
981,금비,008870.KS
982,금호타이어,073240.KS
983,기아자동차,000270.KS
984,넷마블,251270.KS
985,대림산업,000210.KS
986,대림통상,006570.KS
987,대신증권,003540.KS
988,대웅,003090.KS
989,대원강업,000430.KS
990,대원전선,006340.KS
991,대원화성,024890.KS
992,대유에이텍,002880.KS
993,동부건설,005960.KS
994,동북아12호선박투자,083370.KS
995,동성제약,002210.KS
996,동양고속,084670.KS
997,동양철관,008970.KS
998,동원수산,030720.KS
999,롯데쇼핑,023530.KS
1000,롯데지주,004990.KS
1001,메리츠화재,000060.KS
1002,미원에스씨,268280.KS
1003,부산산업,011390.KS
1004,삼광글라스,005090.KS
1005,삼성엔지니어링,028050.KS
1006,삼익악기,002450.KS
1007,삼천리,004690.KS
1008,서울식품공업,004410.KS
1009,성창기업지주,000180.KS
1010,세종공업,033530.KS
1011,세하,027970.KS
1012,시디즈,134790.KS
1013,신도리코,029530.KS
1014,쌍용자동차,003620.KS
1015,쎌마테라퓨틱스,015540.KS
1016,씨아이테크,004920.KS
1017,아모레퍼시픽그룹,002790.KS
1018,아시아나IDT,267850.KS
1019,알루코,001780.KS
1020,에스제이엠홀딩스,025530.KS
1021,엔에스쇼핑,138250.KS
1022,오뚜기,007310.KS
1023,유양디앤유,011690.KS
1024,이리츠코크렙,088260.KS
1025,이수페타시스,007660.KS
1026,이아이디,093230.KS
1027,인디에프,014990.KS
1028,일진홀딩스,015860.KS
1029,자이에스앤디,317400.KS
1030,자화전자,033240.KS
1031,전방,000950.KS
1032,제이준코스메틱,025620.KS
1033,제이콘텐트리,036420.KS
1034,제일기획,030000.KS
1035,지투알,035000.KS
1036,진양폴리우레탄,010640.KS
1037,콤텍시스템,031820.KS
1038,태경비케이,014580.KS
1039,티웨이항공,091810.KS
1040,퍼스텍,010820.KS
1041,포스코인터내셔널,047050.KS
1042,하이골드3호,153360.KS
1043,한국ANKOR유전,152550.KS
1044,한국내화,010040.KS
1045,한국주철관공업,000970.KS
1046,한국콜마,161890.KS
1047,한국화장품,123690.KS
1048,한라,014790.KS
1049,한미반도체,042700.KS
1050,한섬,020000.KS
1051,한세실업,105630.KS
1052,한솔홈데코,025750.KS
1053,한올바이오파마,009420.KS
1054,핸즈코퍼레이션,143210.KS
1055,현대오토에버,307950.KS
1056,화인베스틸,133820.KS
1057,화천기계,010660.KS
1058,효성첨단소재,298050.KS
1059,후성,093370.KS
1060,휴스틸,005010.KS
1061,흥아해운,003280.KS
1062,LG생명과학,068870.KS
1063,LG석유화학,012990.KS
1064,SK,003600.KS
1065,거북선3호,102000.KS
1066,거북선5호,114130.KS
1067,고합,004460.KS
1068,공영토건,001700.KS
1069,광덕물산,003590.KS
1070,금강화섬,010730.KS
1071,남양,003020.KS
1072,넥상스코리아,003050.KS
1073,넥솔론,110570.KS
1074,대도상사,028500.KS
1075,대동은행,021600.KS
1076,대미실업,015090.KS
1077,대성합동지주,005620.KS
1078,대우실업,029040.KS
1079,대한석유지주,029210.KS
1080,대한은박지,007480.KS
1081,대한중석,000160.KS
1082,동국방직,011180.KS
1083,동방개발,012150.KS
1084,동부산업,003970.KS
1085,동부화학,008950.KS
1086,동북아6호,080410.KS
1087,동성반도체,016070.KS
1088,동아건설,000280.KS
1089,동양정밀,001100.KS
1090,디와이홀딩스,004510.KS
1091,리얼티코리아제1호,072450.KS
1092,메디슨,018360.KS
1093,바로크,017120.KS
1094,박현주3호,034200.KS
1095,반도스포츠,028480.KS
1096,배명금속,011800.KS
1097,삼애인더스,009330.KS
1098,세방해운,029160.KS
1099,신동양건설,028390.KS
1100,씨크롭,016970.KS
1101,아시아10호,083570.KS
1102,영남종금,024960.KS
1103,오라바이오틱스,016160.KS
1104,요업개발,006900.KS
1105,우리스팩1호,122750.KS
1106,우생,028570.KS
1107,유성티에스아이,024870.KS
1108,일신제강,028340.KS
1109,일은증권,008530.KS
1110,제로원인터랙티브,069470.KS
1111,진도물산,006240.KS
1112,진로식품,004730.KS
1113,충청은행,005510.KS
1114,케이비물산,008540.KS
1115,케이비부국위탁리츠,149130.KS
1116,코리아05호,093400.KS
1117,코리아06호,093410.KS
1118,코오롱인터내셔널,063510.KS
1119,코크렙15호,121550.KS
1120,코크렙7호,086720.KS
1121,태일정밀,017320.KS
1122,태창기업,007490.KS
1123,태평양건설,028460.KS
1124,태화,000510.KS
1125,팬택자산관리,025930.KS
1126,하나IB,003330.KS
1127,하나은행_피흡수,007360.KS
1128,한국아태특별,098150.KS
1129,한진해운,117930.KS
1130,해태유업,003900.KS
1131,호남식품,007100.KS
1132,AK홀딩스,006840.KS
1133,BGF,027410.KS
1134,BNK금융지주,138930.KS
1135,DB하이텍,000990.KS
1136,HSD엔진,082740.KS
1137,KG케미칼,001390.KS
1138,KTB투자증권,030210.KS
1139,KTcs,058850.KS
1140,LG생활건강,051900.KS
1141,NICE,034310.KS
1142,SIMPAC,009160.KS
1143,SK가스,018670.KS
1144,SK디앤디,210980.KS
1145,SK렌터카,068400.KS
1146,STX엔진,077970.KS
1147,STX중공업,071970.KS
1148,TCC스틸,002710.KS
1149,가온전선,000500.KS
1150,경보제약,214390.KS
1151,계양전기,012200.KS
1152,고려산업,002140.KS
1153,광전자,017900.KS
1154,넥센,005720.KS
1155,넥스트사이언스,003580.KS
1156,농심,004370.KS
1157,다우기술,023590.KS
1158,대림씨엔에스,004440.KS
1159,대성산업,128820.KS
1160,대유플러스,000300.KS
1161,대한전선,001440.KS
1162,대한제분,001130.KS
1163,대한항공,003490.KS
1164,대한화섬,003830.KS
1165,동남합성,023450.KS
1166,동방,004140.KS
1167,동아타이어,282690.KS
1168,동양피스톤,092780.KS
1169,동원시스템즈,014820.KS
1170,디와이파워,210540.KS
1171,롯데리츠,330590.KS
1172,메리츠금융지주,138040.KS
1173,무림P&P,009580.KS
1174,미원상사,002840.KS
1175,방림,003610.KS
1176,보령제약,003850.KS
1177,사조오양,006090.KS
1178,삼아알미늄,006110.KS
1179,삼양사,145990.KS
1180,삼호개발,010960.KS
1181,삼화전자공업,011230.KS
1182,삼화페인트공업,000390.KS
1183,성문전자,014910.KS
1184,세아베스틸,001430.KS
1185,세아제강지주,003030.KS
1186,세화아이엠씨,145210.KS
1187,쌍방울,102280.KS
1188,쌍용양회공업,003410.KS
1189,아남전자,008700.KS
1190,아세아제지,002310.KS
1191,에스엘,005850.KS
1192,에쓰씨엔지니어링,023960.KS
1193,에어부산,298690.KS
1194,엔케이물산,009810.KS
1195,영원무역,111770.KS
1196,영흥,012160.KS
1197,오리엔트바이오,002630.KS
1198,오리온홀딩스,001800.KS
1199,용평리조트,070960.KS
1200,웅진,016880.KS
1201,유니퀘스트,077500.KS
1202,일동제약,249420.KS
1203,일신석재,007110.KS
1204,일양약품,007570.KS
1205,주연테크,044380.KS
1206,지코,010580.KS
1207,진양산업,003780.KS
1208,케이비아이동국실업,001620.KS
1209,케이씨,029460.KS
1210,케이티스카이라이프,053210.KS
1211,코오롱,002020.KS
1212,키움증권,039490.KS
1213,평화홀딩스,010770.KS
1214,풀무원,017810.KS
1215,하나니켈2호,099350.KS
1216,하이트진로홀딩스,000140.KS
1217,한국단자공업,025540.KS
1218,한국쉘석유,002960.KS
1219,한국조선해양,009540.KS
1220,한국카본,017960.KS
1221,한국특수형강,007280.KS
1222,한농화성,011500.KS
1223,한신공영,004960.KS
1224,한익스프레스,014130.KS
1225,한전기술,052690.KS
1226,한진칼,180640.KS
1227,한화투자증권,003530.KS
1228,현대글로비스,086280.KS
1229,화승알앤에이,013520.KS
1230,효성티앤씨,298020.KS
1231,C&중공업,008400.KS
1232,FNC코오롱,001370.KS
1233,LG데이콤,015940.KS
1234,갑을방적,011290.KS
1235,고려원양어업,028330.KS
1236,고려종금,017110.KS
1237,골든경매일호,084160.KS
1238,광주은행,192530.KS
1239,광주은행,005770.KS
1240,극동전선,006250.KS
1241,극동제혁,010200.KS
1242,글로스텍,012410.KS
1243,금성부품,028470.KS
1244,기아차판매,007170.KS
1245,남선물산,005000.KS
1246,논노,015780.KS
1247,대농건설,029200.KS
1248,대상교역,006790.KS
1249,대양상호신용금고,013250.KS
1250,대우,003810.KS
1251,대우증권스팩,121910.KS
1252,도레이케미칼,008000.KS
1253,동남은행,021610.KS
1254,동북아10호선박투자,083350.KS
1255,동북아1호,078420.KS
1256,동북아2호,080030.KS
1257,동북아31호,093730.KS
1258,동북아3호,080960.KS
1259,두산식품,001610.KS
1260,라미화장품,010330.KS
1261,베네데스하이텍,009360.KS
1262,삼양타이어,029180.KS
1263,선진금속,018570.KS
1264,셀런,013240.KS
1265,스탠다드차타드은행,000110.KS
1266,신광산업,005410.KS
1267,신세계톰보이,012580.KS
1268,신일건업,014350.KS
1269,신화,016640.KS
1270,씨앤상선,000790.KS
1271,씨앤우방,013200.KS
1272,아시아3호,081200.KS
1273,아시아4호,081210.KS
1274,아시아9호,081940.KS
1275,엠피챌린지,035340.KS
1276,옥전산업,028960.KS
1277,옥포기업,029010.KS
1278,옵티멈전환일,038270.KS
1279,우리증권,001280.KS
1280,위너스인프라인,005760.KS
1281,유레스메리츠제1호,073470.KS
1282,유성,002340.KS
1283,중국원양자원,900050.KS
1284,중앙건설,015110.KS
1285,청솔종금,015080.KS
1286,코오롱종합전기,029220.KS
1287,포스코플랜텍,051310.KS
1288,피앤텍,013820.KS
1289,하이콘테그,000310.KS
1290,한국안전유리,018550.KS
1291,한국유전15-1,093820.KS
1292,한일건설,006440.KS
1293,한일약품공업,003040.KS
1294,항도종금,014980.KS
1295,해동금고,007420.KS
1296,해외섬유,028900.KS
1297,현대오토넷,042100.KS
1298,현대종금,011880.KS
1299,BYC,001460.KS
1300,JB금융지주,175330.KS
1301,LS네트웍스,000680.KS
1302,SK,034730.KS
1303,SK디스커버리,006120.KS
1304,SK케미칼,285130.KS
1305,YG PLUS,037270.KS
1306,강남제비스코,000860.KS
1307,경동나비엔,009450.KS
1308,광명전기,017040.KS
1309,그린케미칼,083420.KS
1310,금호석유화학,011780.KS
1311,깨끗한나라,004540.KS
1312,남광토건,001260.KS
1313,노루홀딩스,000320.KS
1314,대동공업,000490.KS
1315,대상홀딩스,084690.KS
1316,대성에너지,117580.KS
1317,대우부품,009320.KS
1318,대창단조,015230.KS
1319,도화엔지니어링,002150.KS
1320,동성화학,005190.KS
1321,동아에스티,170900.KS
1322,동아지질,028100.KS
1323,동양물산기업,002900.KS
1324,동일산업,004890.KS
1325,동일제강,002690.KS
1326,두올,016740.KS
1327,롯데푸드,002270.KS
1328,롯데하이마트,071840.KS
1329,모나리자,012690.KS
1330,무림페이퍼,009200.KS
1331,미래산업,025560.KS
1332,미래에셋대우,006800.KS
1333,보해양조,000890.KS
1334,삼화콘덴서공업,001820.KS
1335,상신브레이크,041650.KS
1336,서울도시가스,017390.KS
1337,성안,011300.KS
1338,신대양제지,016590.KS
1339,신흥,004080.KS
1340,씨에스윈드,112610.KS
1341,아시아나항공,020560.KS
1342,애경유화,161000.KS
1343,에이프로젠제약,003060.KS
1344,영풍제지,006740.KS
1345,우리들제약,004720.KS
1346,우리종금,010050.KS
1347,우진아이엔에스,010400.KS
1348,웅진씽크빅,095720.KS
1349,유수홀딩스,000700.KS
1350,유엔젤,072130.KS
1351,율촌화학,008730.KS
1352,이노션,214320.KS
1353,이화산업,000760.KS
1354,인팩,023810.KS
1355,일신방직,003200.KS
1356,일진디스플,020760.KS
1357,제주은행,006220.KS
1358,진양홀딩스,100250.KS
1359,천일고속,000650.KS
1360,체시스,033250.KS
1361,카프로,006380.KS
1362,케이티앤지,033780.KS
1363,코스맥스,192820.KS
1364,키다리스튜디오,020120.KS
1365,풍산,103140.KS
1366,하나금융지주,086790.KS
1367,하나니켈1호,099340.KS
1368,하이골드12호,172580.KS
1369,하이골드8호,159650.KS
1370,한국가스공사,036460.KS
1371,한국전력공사,015760.KS
1372,한국항공우주,047810.KS
1373,한성기업,003680.KS
1374,한세예스24홀딩스,016450.KS
1375,한일홀딩스,003300.KS
1376,한창,005110.KS
1377,한화손해보험,000370.KS
1378,현대그린푸드,005440.KS
1379,현대로템,064350.KS
1380,현대미포조선,010620.KS
1381,현대백화점,069960.KS
1382,현대약품,004310.KS
1383,현대일렉트릭,267260.KS
1384,현대종합상사,011760.KS
1385,화신,010690.KS
1386,휴켐스,069260.KS
1387,흥국화재,000540.KS
0,3R,037730.KQ
1,3노드디지탈,900010.KQ
2,KTB드림1,042300.KQ
3,KTB자산배분2,038380.KQ
4,SK1호스팩,207930.KQ
5,SK컴즈,066270.KQ
6,경북금고,008050.KQ
7,경윤하이드로,019120.KQ
8,골든브릿지제2호스팩,206660.KQ
9,교보성공파트너일호펀,034650.KQ
10,교보성공파트너크린앤,035980.KQ
11,국제종합토건,024860.KQ
12,굿라이프10-MF,037510.KQ
13,글로웍스,034600.KQ
14,네이쳐글로벌,088020.KQ
15,넷컴스토리지,037010.KQ
16,뉴젠아이씨티,054150.KQ
17,뉴켐진스템셀,036280.KQ
18,다임알짜2호-MF,051960.KQ
19,단암산업,005650.KQ
20,대백쇼핑,027700.KQ
21,대신증권그로쓰스팩,123550.KQ
22,데코,013650.KQ
23,동방티엔씨,018860.KQ
24,동아일렉콤,011860.KQ
25,동원뮤추얼장보고1호,034470.KQ
26,마이다스코코,040860.KQ
27,맥시스템,036880.KQ
28,모빌탑,085680.KQ
29,무한투자,034510.KQ
30,미래아이티2,040260.KQ
31,미래에셋알바트로스이,035320.KQ
32,미래에셋크린채권형이,036310.KQ
33,미래주식1,047890.KQ
34,미래하이2호,039210.KQ
35,미래하이4,040950.KQ
36,미래한아름2,046820.KQ
37,미주실업,015060.KQ
38,박현주1호,034160.KQ
39,박현주3성장,037770.KQ
40,박현주7성장,038940.KQ
41,베스트플로우,060410.KQ
42,부산방직,025270.KQ
43,비엔디,047940.KQ
44,비엔씨컴퍼니,058370.KQ
45,사라콤,040020.KQ
46,사이노젠,064060.KQ
47,삼능건설,002830.KQ
48,삼성라이프에머랄드일,034320.KQ
49,삼성프라임증권투자회,034270.KQ
50,성보섬유,008430.KQ
51,세븐코스프,017160.KQ
52,세원,013730.KQ
53,세이플러스,049990.KQ
54,스틸플라워,087220.KQ
55,승화프리텍,111610.KQ
56,신텍,099660.KQ
57,신호테크,018910.KQ
58,실크자산2,036650.KQ
59,심스밸리,042470.KQ
60,알루코,021570.KQ
61,알에스넷,046430.KQ
62,에이프로테크놀로지,045470.KQ
63,엘앤피아너스,061140.KQ
64,엠제이비,074150.KQ
65,영일케미컬,001910.KQ
66,우전,052270.KQ
67,원진,005370.KQ
68,유티엑스,045880.KQ
69,이글5호,037190.KQ
70,이랜드리테일,013690.KQ
71,이레전자산업,045310.KQ
72,이론테크,034980.KQ
73,이롬텍,045400.KQ
74,이앤텍,047450.KQ
75,익산,023710.KQ
76,일신,012540.KQ
77,제네시스,052640.KQ
78,조이토토,044370.KQ
79,중앙디자인,030030.KQ
80,지노시스템,033850.KQ
81,지디코프,036610.KQ
82,지앤알,043630.KQ
83,지에스엔텍,037640.KQ
84,지엔텍홀딩스,065410.KQ
85,챌린지성장2,035680.KQ
86,카카오M,016170.KQ
87,태평양금속,011920.KQ
88,트라이콤,038410.KQ
89,트윈스챌린지펀드,034350.KQ
90,팬텀엔터그룹,025460.KQ
91,퓨쳐인포넷,058690.KQ
92,플래닛82,057330.KQ
93,플래티넘성2-MF,044740.KQ
94,하림홀딩스,024660.KQ
95,한국4호스팩,240540.KQ
96,한국제5호스팩,271740.KQ
97,한국종합철관,014340.KQ
98,한국체인,012350.KQ
99,한국화이바,007850.KQ
100,한림창투,021060.KQ
101,한아시스템,036020.KQ
102,한일제관,026950.KQ
103,한컴지엠디,077280.KQ
104,한통엠닷컴,030700.KQ
105,희훈디앤지,019640.KQ
106,CJ프레시웨이,051500.KQ
107,CSA 코스믹,083660.KQ
108,EDGC,245620.KQ
109,GH신소재,130500.KQ
110,GST,083450.KQ
111,GS홈쇼핑,028150.KQ
112,JW신약,067290.KQ
113,KB오토시스,024120.KQ
114,KG모빌리언스,046440.KQ
115,SK5호스팩,337450.KQ
116,SK6호스팩,340350.KQ
117,THE E&M,089230.KQ
118,TJ미디어,032540.KQ
119,YW,051390.KQ
120,갤럭시아컴즈,094480.KQ
121,경남바이오파마,044480.KQ
122,경창산업,024910.KQ
123,고려시멘트,198440.KQ
124,골프존,215000.KQ
125,교보8호스팩,307280.KQ
126,국순당,043650.KQ
127,그리티,204020.KQ
128,나노브릭,286750.KQ
129,나스미디어,089600.KQ
130,네오티스,085910.KQ
131,네이처셀,007390.KQ
132,녹십자셀,031390.KQ
133,뉴인텍,012340.KQ
134,뉴프렉스,085670.KQ
135,대봉엘에스,078140.KQ
136,대유에이피,290120.KQ
137,대주산업,003310.KQ
138,대한약품,023910.KQ
139,동구바이오제약,006620.KQ
140,동방선기,099410.KQ
141,두올산업,078590.KQ
142,디알젬,263690.KQ
143,디에이피,066900.KQ
144,디엔에이링크,127120.KQ
145,디엔에프,092070.KQ
146,디오,039840.KQ
147,디지틀조선,033130.KQ
148,디케이앤디,263020.KQ
149,라이트론,069540.KQ
150,루미마이크로,082800.KQ
151,룽투코리아,060240.KQ
152,링크제니시스,219420.KQ
153,매일홀딩스,005990.KQ
154,메디톡스,086900.KQ
155,메탈라이프,327260.KQ
156,모베이스전자,012860.KQ
157,모비스,250060.KQ
158,모트렉스,118990.KQ
159,미래생명자원,218150.KQ
160,미스터블루,207760.KQ
161,바디텍메드,206640.KQ
162,바이넥스,053030.KQ
163,브이티지엠피,018290.KQ
164,삼보판지,023600.KQ
165,삼본전자,111870.KQ
166,삼아제약,009300.KQ
167,상지카일룸,042940.KQ
168,서암기계공업,100660.KQ
169,성창오토텍,080470.KQ
170,세보엠이씨,011560.KQ
171,세종메디칼,258830.KQ
172,세코닉스,053450.KQ
173,센트럴바이오,051980.KQ
174,셀루메드,049180.KQ
175,셀바스헬스케어,208370.KQ
176,스페코,013810.KQ
177,승일,049830.KQ
178,심텍,222800.KQ
179,싸이토젠,217330.KQ
180,씨유메디칼,115480.KQ
181,씨케이에이치,900120.KQ
182,아나패스,123860.KQ
183,아바텍,149950.KQ
184,아이센스,099190.KQ
185,아이씨디,040910.KQ
186,아이원스,114810.KQ
187,아이즈비전,031310.KQ
188,아이티센,124500.KQ
189,알리코제약,260660.KQ
190,알에프세미,096610.KQ
191,알에프텍,061040.KQ
192,알테오젠,196170.KQ
193,에스아이리소스,065420.KQ
194,에스에프씨,112240.KQ
195,에쎈테크,043340.KQ
196,에이루트,096690.KQ
197,에이티넘인베스트,021080.KQ
198,에코프로비엠,247540.KQ
199,엑세스바이오,950130.KQ
200,엑시콘,092870.KQ
201,엔터메이트,206400.KQ
202,엔피케이,048830.KQ
203,엘앤케이바이오,156100.KQ
204,엠게임,058630.KQ
205,엠벤처투자,019590.KQ
206,엠씨넥스,097520.KQ
207,영화테크,265560.KQ
208,오공,045060.KQ
209,오픈베이스,049480.KQ
210,옵티시스,109080.KQ
211,와이오엠,066430.KQ
212,와이지-원,019210.KQ
213,우리바이오,082850.KQ
214,원익QnC,074600.KQ
215,원익큐브,014190.KQ
216,원풍물산,008290.KQ
217,웨이브일렉트로,095270.KQ
218,웰크론,065950.KQ
219,위세아이텍,065370.KQ
220,위지트,036090.KQ
221,유니온커뮤니티,203450.KQ
222,유니테크노,241690.KQ
223,유신,054930.KQ
224,유안타제5호스팩,336060.KQ
225,유진스팩5호,331380.KQ
226,유진테크,084370.KQ
227,유티아이,179900.KQ
228,이스트소프트,047560.KQ
229,이엠넷,123570.KQ
230,이엠코리아,095190.KQ
231,이지웰,090850.KQ
232,인베니아,079950.KQ
233,인텍플러스,064290.KQ
234,자이글,234920.KQ
235,정상제이엘에스,040420.KQ
236,제우스,079370.KQ
237,제이엠티,094970.KQ
238,제이웨이,058420.KQ
239,제일제강,023440.KQ
240,제주반도체,080220.KQ
241,젬백스,082270.KQ
242,조아제약,034940.KQ
243,주성엔지니어링,036930.KQ
244,지엔씨에너지,119850.KQ
245,지엔코,065060.KQ
246,캐스텍코리아,071850.KQ
247,케이비제20호스팩,342550.KQ
248,케이피엠테크,042040.KQ
249,케이피티유,054410.KQ
250,켄코아에어로스페이스,274090.KQ
251,코렌,078650.KQ
252,코스온,069110.KQ
253,코썬바이오,204990.KQ
254,코프라,126600.KQ
255,키네마스터,139670.KQ
256,토탈소프트,045340.KQ
257,트루윈,105550.KQ
258,특수건설,026150.KQ
259,티앤알바이오팹,246710.KQ
260,티에스이,131290.KQ
261,파세코,037070.KQ
262,파커스,065690.KQ
263,판타지오,032800.KQ
264,패션플랫폼,225590.KQ
265,푸드웰,005670.KQ
266,프로스테믹스,203690.KQ
267,피델릭스,032580.KQ
268,피에스엠씨,024850.KQ
269,하나금융15호스팩,341160.KQ
270,하이즈항공,221840.KQ
271,한국맥널티,222980.KQ
272,한국전자금융,063570.KQ
273,한국코퍼레이션,050540.KQ
274,한솔인티큐브,070590.KQ
275,한양디지텍,078350.KQ
276,한일진공,123840.KQ
277,한일화학,007770.KQ
278,한컴MDS,086960.KQ
279,한화에이스스팩4호,279410.KQ
280,해마로푸드서비스,220630.KQ
281,화성밸브,039610.KQ
282,화이브라더스코리아,204630.KQ
283,휴맥스,115160.KQ
284,CJ프론티어,039720.KQ
285,CT&T,050470.KQ
286,IDH,026230.KQ
287,JH코오스,065310.KQ
288,JS,037110.KQ
289,SIMPAC Metal,090730.KQ
290,SK3호스팩,232330.KQ
291,광일,023920.KQ
292,나노하이텍,071360.KQ
293,나리지*온,036850.KQ
294,넥서스투자,019430.KQ
295,다다,023140.KQ
296,다임채권형일,044750.KQ
297,대동금고,007090.KQ
298,대백저축은행,026970.KQ
299,대신석유,007930.KQ
300,대아건설,000380.KQ
301,대양글로벌,040180.KQ
302,대흥멀티통신,037250.KQ
303,동방라이텍,025690.KQ
304,동방전자,004480.KQ
305,동양기공,018720.KQ
306,동양매직,023020.KQ
307,두림티앤씨,033330.KQ
308,리젠트성장1,036970.KQ
309,마이다스자산배분형일,035880.KQ
310,마이다스테3,040520.KQ
311,마이다스하전,039920.KQ
312,모보,051810.KQ
313,미래아이티1,039220.KQ
314,미래에셋드림이호펀드,034960.KQ
315,미래에셋프리미어혼합,063680.KQ
316,미래하이3,040270.KQ
317,보성인터,033300.KQ
318,비락,003700.KQ
319,산양전기,079870.KQ
320,삼덕제지,000550.KQ
321,삼목강업,158380.KQ
322,삼성다이나믹증권투자,034260.KQ
323,삼협개발,008010.KQ
324,삼호건설,004520.KQ
325,선우중공업,068770.KQ
326,선팩테크,054010.KQ
327,소프트윈,049790.KQ
328,시큐어소프트,037060.KQ
329,신민저축은행,031920.KQ
330,신원금속,026900.KQ
331,신한캐피탈,023780.KQ
332,쌍용건설,012650.KQ
333,쎄라텍,041550.KQ
334,씨그널엔터테인먼트그룹,099830.KQ
335,씨엔씨엔터,038420.KQ
336,아이스테이션,056010.KQ
337,아큐텍,013780.KQ
338,액티투오,047710.KQ
339,야호,059720.KQ
340,에이스일렉,038690.KQ
341,엔터미디어,068420.KQ
342,엠씨티티코어,052210.KQ
343,오브제,058680.KQ
344,유니텍전자,039040.KQ
345,유리배분일,037530.KQ
346,유리크레디트회사채혼,051990.KQ
347,유진스팩3호,221200.KQ
348,으뜸저축은행,032150.KQ
349,이베스트스팩3호,225440.KQ
350,인베스티움사파이어전,034330.KQ
351,자유투어,046840.KQ
352,잘만테크,090120.KQ
353,제이테크놀로지,035480.KQ
354,제일곡산,011890.KQ
355,지디,155960.KQ
356,청람디지탈,035270.KQ
357,카라반케이디이,032570.KQ
358,케이비제8호스팩,222390.KQ
359,케이에스알,066340.KQ
360,케이엔티,036590.KQ
361,케이티씨텔레콤,055810.KQ
362,큐리어스,045050.KQ
363,택산아이엔씨,036900.KQ
364,티이씨,067950.KQ
365,평안물산,037240.KQ
366,포휴먼,049690.KQ
367,피죤,002750.KQ
368,피코소프트,039580.KQ
369,하나머스트3호스팩,208870.KQ
370,한국코인,007560.KQ
371,한마음저축은행,025450.KQ
372,한빛네트,036720.KQ
373,한빛전자통신,044570.KQ
374,한영전자,008860.KQ
375,한일,022610.KQ
376,한화SV스팩1호,124050.KQ
377,한화에이스스팩3호,264290.KQ
378,해원에스티,058480.KQ
379,현주컴퓨터,038960.KQ
380,APS홀딩스,054620.KQ
381,CJ ENM,035760.KQ
382,CMG제약,058820.KQ
383,CS,065770.KQ
384,EG,037370.KQ
385,HRS,036640.KQ
386,KJ프리텍,083470.KQ
387,KMH,122450.KQ
388,MP그룹,065150.KQ
389,NICE평가정보,030190.KQ
390,PN풍년,024940.KQ
391,SCI평가정보,036120.KQ
392,SM C&C,048550.KQ
393,SNK,950180.KQ
394,감마누,192410.KQ
395,게임빌,063080.KQ
396,광림,014200.KQ
397,국영지앤엠,006050.KQ
398,나노엔텍,039860.KQ
399,나이벡,138610.KQ
400,남화토건,091590.KQ
401,넥스턴,089140.KQ
402,넵튠,217270.KQ
403,노바렉스,194700.KQ
404,누리텔레콤,040160.KQ
405,뉴지랩,214870.KQ
406,뉴파워프라즈마,144960.KQ
407,대성파인텍,104040.KQ
408,대아티아이,045390.KQ
409,대주전자재료,078600.KQ
410,대창솔루션,096350.KQ
411,덕산네오룩스,213420.KQ
412,데브시스터즈,194480.KQ
413,동국제약,086450.KQ
414,동아엘텍,088130.KQ
415,디알텍,214680.KQ
416,디엠티,134580.KQ
417,딜리,131180.KQ
418,라이브플렉스,050120.KQ
419,럭슬,033600.KQ
420,레드로버,060300.KQ
421,레드캡투어,038390.KQ
422,레이언스,228850.KQ
423,로보로보,215100.KQ
424,머큐리,100590.KQ
425,메디앙스,014100.KQ
426,메디포럼제약,047920.KQ
427,메이슨캐피탈,021880.KQ
428,메타바이오메드,059210.KQ
429,모두투어,080160.KQ
430,무림SP,001810.KQ
431,미래에셋대우스팩3호,328380.KQ
432,미래에셋벤처투자,100790.KQ
433,미코,059090.KQ
434,버킷스튜디오,066410.KQ
435,부스타,008470.KQ
436,비덴트,121800.KQ
437,비즈니스온,138580.KQ
438,비트컴퓨터,032850.KQ
439,사람인에이치알,143240.KQ
440,삼륭물산,014970.KQ
441,삼양옵틱스,225190.KQ
442,삼영이엔씨,065570.KQ
443,삼일,032280.KQ
444,삼일기업공사,002290.KQ
445,삼지전자,037460.KQ
446,삼진,032750.KQ
447,삼화네트웍스,046390.KQ
448,상신이디피,091580.KQ
449,서린바이오,038070.KQ
450,서울바이오시스,092190.KQ
451,서호전기,065710.KQ
452,성우하이텍,015750.KQ
453,세경하이테크,148150.KQ
454,세명전기,017510.KQ
455,손오공,066910.KQ
456,솔루에타,154040.KQ
457,수성,084180.KQ
458,슈펙스비앤피,058530.KQ
459,슈프리마,236200.KQ
460,신라에스지,025870.KQ
461,신라젠,215600.KQ
462,신영스팩5호,323280.KQ
463,신한제4호스팩,277480.KQ
464,아가방컴퍼니,013990.KQ
465,아모텍,052710.KQ
466,아미코젠,092040.KQ
467,아이에이,038880.KQ
468,아이오케이,078860.KQ
469,아이티엠반도체,084850.KQ
470,액트로,290740.KQ
471,앱클론,174900.KQ
472,에스에스알,275630.KQ
473,에스제이그룹,306040.KQ
474,에스티팜,237690.KQ
475,에이치엘비,028300.KQ
476,에이프런티어,036180.KQ
477,에코마이스터,064510.KQ
478,에프알텍,073540.KQ
479,에프에스티,036810.KQ
480,엑스큐어,070300.KQ
481,엔에이치스팩12호,273060.KQ
482,엔에이치스팩14호,319400.KQ
483,엔지켐생명과학,183490.KQ
484,엔케이맥스,182400.KQ
485,연우,115960.KQ
486,영신금속,007530.KQ
487,예림당,036000.KQ
488,오르비텍,046120.KQ
489,오성첨단소재,052420.KQ
490,오션브릿지,241790.KQ
491,우리손에프앤지,073560.KQ
492,우수AMS,066590.KQ
493,원일특강,012620.KQ
494,윈하이텍,192390.KQ
495,윌링스,313760.KQ
496,유니테스트,086390.KQ
497,유안타제6호스팩,340360.KQ
498,이글루시큐리티,067920.KQ
499,이글벳,044960.KQ
500,이녹스,088390.KQ
501,이랜시스,264850.KQ
502,이매진아시아,036260.KQ
503,이에스브이,223310.KQ
504,이에스에이,052190.KQ
505,이엠텍,091120.KQ
506,이즈미디어,181340.KQ
507,이지케어텍,099750.KQ
508,인선이엔티,060150.KQ
509,인포마크,175140.KQ
510,인포바인,115310.KQ
511,인포뱅크,039290.KQ
512,잉크테크,049550.KQ
513,전진바이오팜,110020.KQ
514,정다운,208140.KQ
515,제이스텍,090470.KQ
516,제일바이오,052670.KQ
517,젬백스지오,041590.KQ
518,줌인터넷,239340.KQ
519,지니뮤직,043610.KQ
520,지니언스,263860.KQ
521,지란지교시큐리티,208350.KQ
522,지스마트글로벌,114570.KQ
523,지트리비앤티,115450.KQ
524,진매트릭스,109820.KQ
525,참좋은여행,094850.KQ
526,천보,278280.KQ
527,케이비제19호스팩,330990.KQ
528,케이씨피드,025880.KQ
529,코너스톤네트웍스,033110.KQ
530,코데즈컴바인,047770.KQ
531,코메론,049430.KQ
532,코미팜,041960.KQ
533,코웰패션,033290.KQ
534,코위버,056360.KQ
535,콜마비앤에이치,200130.KQ
536,큐브엔터,182360.KQ
537,크로바하이텍,043590.KQ
538,클리오,237880.KQ
539,키움제5호스팩,311270.KQ
540,테고사이언스,191420.KQ
541,테스나,131970.KQ
542,파루,043200.KQ
543,파수,150900.KQ
544,파워로직스,047310.KQ
545,파인디지털,038950.KQ
546,팬엔터테인먼트,068050.KQ
547,펌텍코리아,251970.KQ
548,포시에스,189690.KQ
549,풍강,093380.KQ
550,피에스텍,002230.KQ
551,하나마이크론,067310.KQ
552,하이록코리아,013030.KQ
553,한국경제TV,039340.KQ
554,한국바이오젠,318000.KQ
555,한국비엔씨,256840.KQ
556,한국아트라스비엑스,023890.KQ
557,한국알콜,017890.KQ
558,한국정보통신,025770.KQ
559,한국팩키지,037230.KQ
560,한글과컴퓨터,030520.KQ
561,한일단조,024740.KQ
562,한컴위드,054920.KQ
563,한탑,002680.KQ
564,형지I&C,011080.KQ
565,휴네시온,290270.KQ
566,휴맥스홀딩스,028080.KQ
567,흥국에프엔비,189980.KQ
568,CJ엔터테인,049370.KQ
569,IC코퍼레이션,080570.KQ
570,KNS홀딩스,036760.KQ
571,KTB더블채권1-MF,045800.KQ
572,KTB전환형41,038760.KQ
573,SK브로드밴드,033630.KQ
574,교보그로쓰,035970.KQ
575,국제엘렉트릭,053740.KQ
576,그로웰전자,009220.KQ
577,그로웰텔레콤,035780.KQ
578,글로벌하이1,038770.KQ
579,금성제관,018840.KQ
580,남송개발,006000.KQ
581,네스테크,037540.KQ
582,넥스지,081970.KQ
583,넥스콘테크,038990.KQ
584,다임알짜1호-MF,050350.KQ
585,단성일렉트론,085990.KQ
586,대선조선,031990.KQ
587,대전금고,006300.KQ
588,더존디지털,045380.KQ
589,동미전기,008330.KQ
590,디에스피,016040.KQ
591,디이시스,053200.KQ
592,마이다스30,043040.KQ
593,마이다스페셜,039540.KQ
594,마이다스하이테크성장,036400.KQ
595,마이스코,088700.KQ
596,마인,039500.KQ
597,미래에셋대우스팩1호,265480.KQ
598,미래에셋드림펀드,034820.KQ
599,미래에셋실크로드이호,035310.KQ
600,미래코리아1,042950.KQ
601,바이오시스,035960.KQ
602,벤처코스닥,038280.KQ
603,보광티에스,066690.KQ
604,부산저축은행,007830.KQ
605,브이에스에스티,035400.KQ
606,삼성투신증권,022060.KQ
607,삼성프라임성장형뮤추,035530.KQ
608,삼주건설,025150.KQ
609,세계투어,047600.KQ
610,세림아이텍,033040.KQ
611,세미텍,081220.KQ
612,세아메탈,033020.KQ
613,세원텔레콤,036910.KQ
614,스타맥스,017050.KQ
615,스톰이앤에프,043680.KQ
616,신중앙금고,007990.KQ
617,신한종합비료,019230.KQ
618,쓰리디월드,065340.KQ
619,씨앤케이인터,039530.KQ
620,아이디에스,078780.KQ
621,알바트로스3,036780.KQ
622,에듀언스,009010.KQ
623,에버리소스,020070.KQ
624,에스이아이주,035940.KQ
625,에스티씨라이프,026220.KQ
626,에이스앤파트너스,032930.KQ
627,에피밸리,068630.KQ
628,엔에스브이,095300.KQ
629,엔에이치SL스팩,207720.KQ
630,엔플렉스,040130.KQ
631,엘리트1호,037670.KQ
632,엘앤씨피,015390.KQ
633,엘티삼보,011870.KQ
634,와이즈파워,040670.KQ
635,월드그랜드1,038020.KQ
636,윌텍정보통신,039390.KQ
637,유에이블,071530.KQ
638,유퍼트,060670.KQ
639,이수세라믹,032180.KQ
640,일공공일안경,032030.KQ
641,자강,036790.KQ
642,제너비오믹스,017010.KQ
643,케이이엔지,077960.KQ
644,코어비트,056850.KQ
645,코웰이홀딩스,900020.KQ
646,콜마파마,038710.KQ
647,쿠첸,225650.KQ
648,태영텔스타,060840.KQ
649,테라리소스,053320.KQ
650,토자이홀딩스,037700.KQ
651,투미비티,058900.KQ
652,파이오니어,035030.KQ
653,퓨쳐비젼,042570.KQ
654,프로비타,014420.KQ
655,플래티넘이천,039520.KQ
656,하나에프앤아이,025080.KQ
657,하우리,049130.KQ
658,현대멀티캡,035910.KQ
659,협화,007840.KQ
660,화림모드,045920.KQ
661,DB금융스팩7호,322780.KQ
662,IBKS제10호스팩,299170.KQ
663,JTC,950170.KQ
664,KCC건설,021320.KQ
665,KCI,036670.KQ
666,KG ETS,151860.KQ
667,NEW,160550.KQ
668,SBI핀테크솔루션즈,950110.KQ
669,SGA솔루션즈,184230.KQ
670,SKC코오롱PI,178920.KQ
671,SK바이오랜드,052260.KQ
672,SM Life Design,063440.KQ
673,iMBC,052220.KQ
674,교보9호스팩,331520.KQ
675,나노신소재,121600.KQ
676,나인테크,267320.KQ
677,넥슨지티,041140.KQ
678,노터스,278650.KQ
679,녹원씨엔아이,065560.KQ
680,누리플랜,069140.KQ
681,다산네트웍스,039560.KQ
682,다원시스,068240.KQ
683,대원산업,005710.KQ
684,대유,290380.KQ
685,덕신하우징,090410.KQ
686,데일리블록체인,139050.KQ
687,동신건설,025950.KQ
688,동일기연,032960.KQ
689,듀오백,073190.KQ
690,디지아이,043360.KQ
691,디지털대성,068930.KQ
692,디티앤씨,187220.KQ
693,램테크놀러지,171010.KQ
694,랩지노믹스,084650.KQ
695,레고켐바이오,141080.KQ
696,로고스바이오,238120.KQ
697,로보스타,090360.KQ
698,리드,197210.KQ
699,리드코프,012700.KQ
700,메디포스트,078160.KQ
701,바이오니아,064550.KQ
702,베뉴지,019010.KQ
703,베셀,177350.KQ
704,보라티알,250000.KQ
705,부방,014470.KQ
706,브리지텍,064480.KQ
707,삼진엘앤디,054090.KQ
708,삼천리자전거,024950.KQ
709,삼현철강,017480.KQ
710,상아프론테크,089980.KQ
711,서부T&D,006730.KQ
712,서산,079650.KQ
713,서진오토모티브,122690.KQ
714,성우테크론,045300.KQ
715,세운메디칼,100700.KQ
716,세종텔레콤,036630.KQ
717,소프트캠프,258790.KQ
718,솔본,035610.KQ
719,수산아이앤티,050960.KQ
720,슈피겐코리아,192440.KQ
721,스맥,099440.KQ
722,시공테크,020710.KQ
723,시그네틱스,033170.KQ
724,신신제약,002800.KQ
725,신테카바이오,226330.KQ
726,신한제5호스팩,323230.KQ
727,신한제6호스팩,333050.KQ
728,실리콘웍스,108320.KQ
729,쎄노텍,222420.KQ
730,쎄미시스코,136510.KQ
731,쎄트렉아이,099320.KQ
732,씨엠에스에듀,225330.KQ
733,씨큐브,101240.KQ
734,아비코전자,036010.KQ
735,아진산업,013310.KQ
736,아프리카TV,067160.KQ
737,알티캐스트,085810.KQ
738,애니젠,196300.KQ
739,액션스퀘어,205500.KQ
740,앤디포스,238090.KQ
741,에스마크,030270.KQ
742,에스앤더블류,103230.KQ
743,에스에프에이,056190.KQ
744,에스엠코어,007820.KQ
745,에스트래픽,234300.KQ
746,에스퓨얼셀,288620.KQ
747,에이디칩스,054630.KQ
748,에이비엘바이오,298380.KQ
749,에이스침대,003800.KQ
750,에이스토리,241840.KQ
751,에이치시티,072990.KQ
752,에이텍티앤,224110.KQ
753,엑셈,205100.KQ
754,엔브이에이치코리아,067570.KQ
755,엔텔스,069410.KQ
756,엘디티,096870.KQ
757,엘비세미콘,061970.KQ
758,엘아이에스,138690.KQ
759,엘컴텍,037950.KQ
760,예스티,122640.KQ
761,오스테오닉,226400.KQ
762,오텍,067170.KQ
763,원익머트리얼즈,104830.KQ
764,원익홀딩스,030530.KQ
765,원풍,008370.KQ
766,웹젠,069080.KQ
767,위닉스,044340.KQ
768,위메이드,112040.KQ
769,유비벨록스,089850.KQ
770,유비쿼스,264450.KQ
771,유안타제4호스팩,313750.KQ
772,이건홀딩스,039020.KQ
773,이노와이어리스,073490.KQ
774,이녹스첨단소재,272290.KQ
775,이랜텍,054210.KQ
776,이미지스,115610.KQ
777,이수앱지스,086890.KQ
778,인성정보,033230.KQ
779,인탑스,049070.KQ
780,재영솔루텍,049630.KQ
781,제낙스,065620.KQ
782,제이앤티씨,204270.KQ
783,제이티,089790.KQ
784,지엘팜텍,204840.KQ
785,지티지웰니스,219750.KQ
786,진바이오텍,086060.KQ
787,진성티이씨,036890.KQ
788,캐리소프트,317530.KQ
789,캠시스,050110.KQ
790,케어젠,214370.KQ
791,케이비제18호스팩,323940.KQ
792,케이피에프,024880.KQ
793,코나아이,052400.KQ
794,코다코,046070.KQ
795,코리아에셋투자증권,190650.KQ
796,코미코,183300.KQ
797,코센,009730.KQ
798,코이즈,121850.KQ
799,키이스트,054780.KQ
800,탑엔지니어링,065130.KQ
801,태웅로직스,124560.KQ
802,텔콘RF제약,200230.KQ
803,토비스,051360.KQ
804,티라유텍,322180.KQ
805,티씨케이,064760.KQ
806,파라다이스,034230.KQ
807,파멥신,208340.KQ
808,파버나인,177830.KQ
809,파워넷,037030.KQ
810,팍스넷,038160.KQ
811,프로텍,053610.KQ
812,플레이디,237820.KQ
813,피에스케이,319660.KQ
814,픽셀플러스,087600.KQ
815,필옵틱스,161580.KQ
816,하나금융14호스팩,332710.KQ
817,한국제7호스팩,291210.KQ
818,한국캐피탈,023760.KQ
819,한일네트웍스,046110.KQ
820,헬릭스미스,084990.KQ
821,휴젤,145020.KQ
822,희림,037440.KQ
823,KCW,068060.KQ
824,KEPS,046810.KQ
825,KTB벤처1-MF,038370.KQ
826,LG마이크론,016990.KQ
827,MTRON,046320.KQ
828,SSCP,071660.KQ
829,UC아이콜스,065810.KQ
830,VK,048760.KQ
831,강남화성,007140.KQ
832,교하산업,013850.KQ
833,글로벌파워,064910.KQ
834,금강제강,105070.KQ
835,나이스메탈,072530.KQ
836,다산씨앤아이,037200.KQ
837,대구리스금융,025090.KQ
838,대륭산업,027610.KQ
839,대주코레스,008340.KQ
840,대진동관공업,014210.KQ
841,대한바이오링크,041500.KQ
842,더체인지,054120.KQ
843,동서정보기술,055000.KQ
844,동호전기,022510.KQ
845,디보스,080140.KQ
846,디에스,051710.KQ
847,디에이치패션,045260.KQ
848,라인건설,017620.KQ
849,리젠트빅히트,039270.KQ
850,마이다스전이,038310.KQ
851,마이다스차익,048660.KQ
852,마이다스테2,039050.KQ
853,모라리소스,018890.KQ
854,미디어코프,053890.KQ
855,미래셀렉티브-MF,052540.KQ
856,미래알바1,044410.KQ
857,미래에셋이글사호펀드,034570.KQ
858,미래에셋이글삼호펀드,034560.KQ
859,미래하이1호,038580.KQ
860,미래한아름1-MF,044890.KQ
861,범양사,002480.KQ
862,보성건설,018230.KQ
863,보홍,041320.KQ
864,사이버패스,063280.KQ
865,삼산,012010.KQ
866,삼우이엠씨,026250.KQ
867,삼천전기,008920.KQ
868,세이우량채권,044240.KQ
869,세이플러스혼합형펀드,051070.KQ
870,솔빛미디어,044440.KQ
871,슈마,056500.KQ
872,신신상사,012360.KQ
873,쌈지,033260.KQ
874,써미트,039000.KQ
875,썬텍,122800.KQ
876,씨엘인터내셔널,037340.KQ
877,씨티엘테크,088960.KQ
878,아시아미디어홀딩스,052810.KQ
879,아이레보,072430.KQ
880,알덱스,025970.KQ
881,알바트로스 4,037180.KQ
882,에듀아크,046350.KQ
883,에스디,066930.KQ
884,에스에스컴텍,036500.KQ
885,에스이아이채,035930.KQ
886,에이스하이텍,071930.KQ
887,엑스씨이,081500.KQ
888,엑큐리스,048460.KQ
889,엔스퍼트,098400.KQ
890,엠텍반도체,054440.KQ
891,엠텍비젼,074000.KQ
892,영진코퍼레이션,053330.KQ
893,우주건설,002190.KQ
894,우풍금고,016620.KQ
895,울트라건설,004320.KQ
896,월드그랜드2,039160.KQ
897,월드텔레콤,047610.KQ
898,유니드코리아,110500.KQ
899,유산실업,015910.KQ
900,인젠,041630.KQ
901,제이콤,060750.KQ
902,주화산업,017740.KQ
903,중앙금고,025220.KQ
904,지니웍스,036600.KQ
905,지앤디윈텍,061050.KQ
906,지오엠씨,033030.KQ
907,카인드웨어서울,032970.KQ
908,케이알,035950.KQ
909,케이티비스팩1호,204650.KQ
910,코리아링크,037410.KQ
911,코아에스앤아이,052350.KQ
912,타임,046930.KQ
913,태광이엔시,048140.KQ
914,테이크시스템,076090.KQ
915,테크메이트,043690.KQ
916,텔슨전자,027350.KQ
917,트레이스,052290.KQ
918,포넷,048270.KQ
919,폴리플러스,065610.KQ
920,프리젠,060910.KQ
921,플러스2호,035160.KQ
922,하이프로증권투자회사,034920.KQ
923,한국금고,006540.KQ
924,한국대아진공,029470.KQ
925,한빛세이프티이호증권,034440.KQ
926,한빛세이프티일호증권,034430.KQ
927,한양철강,026930.KQ
928,한진피앤씨,061460.KQ
929,DSC인베스트먼트,241520.KQ
930,IBKS제7호스팩,276920.KQ
931,NHN벅스,104200.KQ
932,SDN,099220.KQ
933,SK4호스팩,307070.KQ
934,SKC 솔믹스,057500.KQ
935,SK머티리얼즈,036490.KQ
936,UCI,038340.KQ
937,WI,073570.KQ
938,가비아,079940.KQ
939,강스템바이오텍,217730.KQ
940,경남스틸,039240.KQ
941,국일신동,060480.KQ
942,글로벌텍스프리,204620.KQ
943,글로본,019660.KQ
944,나노,187790.KQ
945,네오위즈홀딩스,042420.KQ
946,네이블커뮤니케이션즈,153460.KQ
947,넥스트BT,065170.KQ
948,대성미생물,036480.KQ
949,대신밸런스제7호스팩,332290.KQ
950,대양전기공업,108380.KQ
951,대원,007680.KQ
952,대한뉴팜,054670.KQ
953,덕산테코피아,317330.KQ
954,덕산하이메탈,077360.KQ
955,동국산업,005160.KQ
956,동진쎄미켐,005290.KQ
957,디바이스이엔지,187870.KQ
958,디에스티,033430.KQ
959,라이브파이낸셜,036170.KQ
960,라이온켐텍,171120.KQ
961,러셀,217500.KQ
962,레몬,294140.KQ
963,레이크머티리얼즈,281740.KQ
964,로지시스,067730.KQ
965,링네트,042500.KQ
966,마이크로프랜드,147760.KQ
967,메가스터디교육,215200.KQ
968,모헨즈,006920.KQ
969,민앤지,214180.KQ
970,바른전자,064520.KQ
971,바이온,032980.KQ
972,비디아이,148140.KQ
973,비에이치아이,083650.KQ
974,삼원테크,073640.KQ
975,상보,027580.KQ
976,새로닉스,042600.KQ
977,서연탑메탈,019770.KQ
978,서울리거,043710.KQ
979,서울반도체,046890.KQ
980,서울전자통신,027040.KQ
981,서원인텍,093920.KQ
982,선데이토즈,123420.KQ
983,성호전자,043260.KQ
984,세원,234100.KQ
985,셀트리온제약,068760.KQ
986,슈프리마에이치큐,094840.KQ
987,스킨앤스킨,159910.KQ
988,스타플렉스,115570.KQ
989,스튜디오드래곤,253450.KQ
990,시노펙스,025320.KQ
991,신원종합개발,017000.KQ
992,신흥에스이씨,243840.KQ
993,씨앤지하이테크,264660.KQ
994,아리온,058220.KQ
995,아세아텍,050860.KQ
996,아스타,246720.KQ
997,아스트,067390.KQ
998,아우딘퓨쳐스,227610.KQ
999,아이엘사이언스,307180.KQ
1000,아이엠텍,226350.KQ
1001,아이진,185490.KQ
1002,아이큐어,175250.KQ
1003,아이크래프트,052460.KQ
1004,알에스오토메이션,140670.KQ
1005,액트,131400.KQ
1006,에스디생명공학,217480.KQ
1007,에스모 머티리얼즈,087730.KQ
1008,에스앤씨엔진그룹,900080.KQ
1009,에스텍파마,041910.KQ
1010,에이비프로바이오,195990.KQ
1011,에이스테크,088800.KQ
1012,에이씨티,138360.KQ
1013,에이치엔티,176440.KQ
1014,에이치엘사이언스,239610.KQ
1015,에이티세미콘,089530.KQ
1016,에이팩트,200470.KQ
1017,에이프로젠 H&G,109960.KQ
1018,에코플라스틱,038110.KQ
1019,엑사이엔씨,054940.KQ
1020,엔에스,217820.KQ
1021,엔피디,198080.KQ
1022,엘오티베큠,083310.KQ
1023,엠플러스,259630.KQ
1024,연이정보통신,090740.KQ
1025,예스24,053280.KQ
1026,오가닉티코스메틱,900300.KQ
1027,옵트론텍,082210.KQ
1028,옵티팜,153710.KQ
1029,와이솔,122990.KQ
1030,와이아이케이,232140.KQ
1031,우노앤컴퍼니,114630.KQ
1032,우리산업홀딩스,072470.KQ
1033,우림기계,101170.KQ
1034,우양,103840.KQ
1035,원익,032940.KQ
1036,유성티엔에스,024800.KQ
1037,유에스티,263770.KQ
1038,육일씨엔에쓰,191410.KQ
1039,이노인스트루먼트,215790.KQ
1040,이디티,215090.KQ
1041,이루온,065440.KQ
1042,이엘케이,094190.KQ
1043,이엘피,063760.KQ
1044,이트론,096040.KQ
1045,인터로조,119610.KQ
1046,인터파크,108790.KQ
1047,인터플렉스,051370.KQ
1048,일야,058450.KQ
1049,잉글우드랩,950140.KQ
1050,전파기지국,065530.KQ
1051,제너셈,217190.KQ
1052,제넨바이오,072520.KQ
1053,제노레이,122310.KQ
1054,제로투세븐,159580.KQ
1055,제룡전기,033100.KQ
1056,제이씨현시스템,033320.KQ
1057,조광ILI,044060.KQ
1058,칩스앤미디어,094360.KQ
1059,컴퍼니케이,307930.KQ
1060,케이사인,192250.KQ
1061,케이씨에스,115500.KQ
1062,케이아이엔엑스,093320.KQ
1063,켐온,217600.KQ
1064,코드네이처,078940.KQ
1065,코맥스,036690.KQ
1066,코세스,089890.KQ
1067,코스맥스엔비티,222040.KQ
1068,코스메카코리아,241710.KQ
1069,코엔텍,029960.KQ
1070,코텍,052330.KQ
1071,큐캐피탈,016600.KQ
1072,크리스탈신소재,900250.KQ
1073,타이거일렉,219130.KQ
1074,티로보틱스,117730.KQ
1075,파마리서치프로덕트,214450.KQ
1076,파인디앤씨,049120.KQ
1077,파인텍,131760.KQ
1078,펩트론,087010.KQ
1079,포스링크,056730.KQ
1080,풍국주정,023900.KQ
1081,퓨쳐켐,220100.KQ
1082,피씨디렉트,051380.KQ
1083,피앤텔,054340.KQ
1084,피에스케이홀딩스,031980.KQ
1085,하이로닉,149980.KQ
1086,한국유니온제약,080720.KQ
1087,한국컴퓨터,054040.KQ
1088,한일사료,005860.KQ
1089,행남사,008800.KQ
1090,헝셩그룹,900270.KQ
1091,현대바이오,048410.KQ
1092,효성오앤비,097870.KQ
1093,휴온스,243070.KQ
1094,GT&T,053870.KQ
1095,HK저축은행,007640.KQ
1096,KTB전환32,044400.KQ
1097,국정교과서,024930.KQ
1098,그린기술투자,025340.KQ
1099,그린에셋일호,045080.KQ
1100,금강정공,022770.KQ
1101,나노트로닉스,010670.KQ
1102,남신,008680.KQ
1103,네오리소스,058550.KQ
1104,네오세미테크,089240.KQ
1105,네오퍼플,028090.KQ
1106,네프로아이티,950030.KQ
1107,녹십자의공,014660.KQ
1108,뉴씨앤씨,045240.KQ
1109,다임마이스터전환형일,036430.KQ
1110,대신밸런스제4호스팩,262830.KQ
1111,데코앤이,017680.KQ
1112,동방금고,008410.KQ
1113,동산진흥,031960.KQ
1114,디씨씨,034750.KQ
1115,디아이디,074130.KQ
1116,디패션,030420.KQ
1117,렉스엘이앤지,004790.KQ
1118,로보트보일러,010920.KQ
1119,리젠트프로1,037430.KQ
1120,리타워텍,020860.KQ
1121,마이다스전환형일호펀,036040.KQ
1122,맥스브로,088810.KQ
1123,미래아이티3,040940.KQ
1124,미래에셋드림삼호펀드,035330.KQ
1125,미래에셋스팩1호,121950.KQ
1126,미래에셋이글일호펀드,034450.KQ
1127,미리넷,056710.KQ
1128,박현주드림칠호자산배,035790.KQ
1129,박현주자산1,037490.KQ
1130,블루멈,033880.KQ
1131,블루스톤,033720.KQ
1132,비앤비성원,015200.KQ
1133,비전하이테크,015050.KQ
1134,삼경정밀,013320.KQ
1135,삼화기연,033210.KQ
1136,삼화정밀,021220.KQ
1137,샤인시스템,066300.KQ
1138,서울가든,011520.KQ
1139,성담,003860.KQ
1140,성진산업,037650.KQ
1141,세라온,050600.KQ
1142,세본금속,020620.KQ
1143,시스컴,037280.KQ
1144,신림종합건설,014270.KQ
1145,신우산업기기,016310.KQ
1146,신한에스아이티,054530.KQ
1147,신한제3호스팩,257730.KQ
1148,실크자산3,037040.KQ
1149,써니트렌드,035500.KQ
1150,아이알디,084810.KQ
1151,아이이,023430.KQ
1152,아이텍스필,008030.KQ
1153,아인스M&M,040740.KQ
1154,어울림정보,038320.KQ
1155,에스비엠,037630.KQ
1156,에스씨옵티콤,014090.KQ
1157,에스오케이,032610.KQ
1158,에스피컴텍,039110.KQ
1159,에어로시스템,018740.KQ
1160,에이스디지텍,036550.KQ
1161,엔에스아이,053250.KQ
1162,엠엔에프씨,048640.KQ
1163,올에버,034970.KQ
1164,우수씨엔에스,060550.KQ
1165,우양에이치씨,101970.KQ
1166,우영,012460.KQ
1167,위너지스,026260.KQ
1168,유천건설,016230.KQ
1169,이룸지엔지,050640.KQ
1170,인포피아,036220.KQ
1171,자유건설,001990.KQ
1172,정일이엔씨,010810.KQ
1173,제이엠피,054790.KQ
1174,주은리스,030970.KQ
1175,지앤에스티,036920.KQ
1176,징기스칸1호,039170.KQ
1177,카리스소프트,024080.KQ
1178,케이비제9호스팩,232270.KQ
1179,코아정보,039990.KQ
1180,크롭사이언스,000870.KQ
1181,크린3호,045870.KQ
1182,크린4호,049850.KQ
1183,태산엘시디,036210.KQ
1184,태창파로스,039850.KQ
1185,프라임저축은행,008170.KQ
1186,플러스3호,035410.KQ
1187,피엘에이,082390.KQ
1188,피케이엘,039870.KQ
1189,하이켐,021660.KQ
1190,하이콤,048540.KQ
1191,한국산업투자,019530.KQ
1192,한빛방송,043890.KQ
1193,한서금고,023580.KQ
1194,한서제약,044070.KQ
1195,한신코퍼,037120.KQ
1196,한텔,041940.KQ
1197,핸디소프트,032380.KQ
1198,형진건설,006520.KQ
1199,혜성테푸,006860.KQ
1200,후야인포넷,032050.KQ
1201,휴먼텍코리아,066060.KQ
1202,CNH,023460.KQ
1203,DMS,068790.KQ
1204,IBKS제11호스팩,335890.KQ
1205,ITX엠투엠,099520.KQ
1206,KBI메탈,024840.KQ
1207,KH바텍,060720.KQ
1208,KMH하이텍,052900.KQ
1209,KNN,058400.KQ
1210,KPX생명과학,114450.KQ
1211,KTH,036030.KQ
1212,KT서브마린,060370.KQ
1213,SBS콘텐츠허브,046140.KQ
1214,SG&G,040610.KQ
1215,SGA,049470.KQ
1216,SV인베스트먼트,289080.KQ
1217,TPC,048770.KQ
1218,TS인베스트먼트,246690.KQ
1219,W홀딩컴퍼니,052300.KQ
1220,YBM넷,057030.KQ
1221,가온미디어,078890.KQ
1222,경동제약,011040.KQ
1223,고영,098460.KQ
1224,골드퍼시픽,038530.KQ
1225,골든센츄리,900280.KQ
1226,광진윈텍,090150.KQ
1227,구영테크,053270.KQ
1228,국보디자인,066620.KQ
1229,나이스정보통신,036800.KQ
1230,남화산업,111710.KQ
1231,네스엠,056000.KQ
1232,네오오토,212560.KQ
1233,네오위즈,095660.KQ
1234,네오크레마,311390.KQ
1235,넷게임즈,225570.KQ
1236,노랑풍선,104620.KQ
1237,노바텍,285490.KQ
1238,녹십자엠에스,142280.KQ
1239,뉴보텍,060260.KQ
1240,뉴프라이드,900100.KQ
1241,다날,064260.KQ
1242,다우데이타,032190.KQ
1243,대원미디어,048910.KQ
1244,대한과학,131220.KQ
1245,대호피앤씨,021040.KQ
1246,대화제약,067080.KQ
1247,동아화성,041930.KQ
1248,동양파일,228340.KQ
1249,디앤씨미디어,263720.KQ
1250,디이엔티,079810.KQ
1251,라닉스,317120.KQ
1252,라온피플,300120.KQ
1253,로스웰,900260.KQ
1254,리더스코스메틱,016100.KQ
1255,린드먼아시아,277070.KQ
1256,마니커에프앤지,195500.KQ
1257,메가엠디,133750.KQ
1258,메드팩토,235980.KQ
1259,메카로,241770.KQ
1260,모베이스,101330.KQ
1261,모아텍,033200.KQ
1262,미래에셋대우스팩4호,333430.KQ
1263,바이오스마트,038460.KQ
1264,바텍,043150.KQ
1265,보광산업,225530.KQ
1266,본느,226340.KQ
1267,브릿지바이오,288330.KQ
1268,블러썸엠앤씨,263920.KQ
1269,비엠티,086670.KQ
1270,비츠로셀,082920.KQ
1271,비츠로시스,054220.KQ
1272,삼기오토모티브,122350.KQ
1273,삼보모터스,053700.KQ
1274,삼영엠텍,054540.KQ
1275,삼천당제약,000250.KQ
1276,샘코,263540.KQ
1277,서울옥션,063170.KQ
1278,서한,011370.KQ
1279,성도이엔지,037350.KQ
1280,성우전자,081580.KQ
1281,세원물산,024830.KQ
1282,셀바스AI,108860.KQ
1283,스카이문스테크놀로지,033790.KQ
1284,시너지이노베이션,048870.KQ
1285,신성델타테크,065350.KQ
1286,신화인터텍,056700.KQ
1287,씨젠,096530.KQ
1288,아난티,025980.KQ
1289,아시아종묘,154030.KQ
1290,아이컴포넌트,059100.KQ
1291,아즈텍WB,032080.KQ
1292,안랩,053800.KQ
1293,안트로젠,065660.KQ
1294,알서포트,131370.KQ
1295,애니플러스,310200.KQ
1296,어보브반도체,102120.KQ
1297,에버다임,041440.KQ
1298,에스넷,038680.KQ
1299,에스디시스템,121890.KQ
1300,에스앤에스텍,101490.KQ
1301,에스에이엠티,031330.KQ
1302,에스와이,109610.KQ
1303,에스제이케이,080440.KQ
1304,에스티큐브,052020.KQ
1305,에스피지,058610.KQ
1306,에이피티씨,089970.KQ
1307,에코마케팅,230360.KQ
1308,에코바이오,038870.KQ
1309,에코캡,128540.KQ
1310,에프앤리퍼블릭,064090.KQ
1311,에프엔에스테크,083500.KQ
1312,엔바이오니아,317870.KQ
1313,엔에스엔,031860.KQ
1314,엔에이치스팩13호,310840.KQ
1315,엔에이치스팩15,339950.KQ
1316,엘엠에스,073110.KQ
1317,엠아이텍,179290.KQ
1318,엠에스오토텍,123040.KQ
1319,엠케이전자,033160.KQ
1320,오스템임플란트,048260.KQ
1321,오이솔루션,138080.KQ
1322,올리패스,244460.KQ
1323,와이엠씨,155650.KQ
1324,와이엠티,251370.KQ
1325,와이제이엠게임즈,193250.KQ
1326,우리넷,115440.KQ
1327,우리조명,037400.KQ
1328,원익IPS,240810.KQ
1329,유니슨,018000.KQ
1330,유니크,011320.KQ
1331,유아이디,069330.KQ
1332,유아이엘,049520.KQ
1333,유테크,178780.KQ
1334,이더블유케이,258610.KQ
1335,이상네트웍스,080010.KQ
1336,이큐셀,160600.KQ
1337,이테크건설,016250.KQ
1338,이퓨쳐,134060.KQ
1339,이화공영,001840.KQ
1340,인텔리안테크,189300.KQ
1341,인피니트헬스케어,071200.KQ
1342,일신바이오,068330.KQ
1343,장원테크,174880.KQ
1344,정원엔시스,045510.KQ
1345,제이씨케미칼,137950.KQ
1346,좋은사람들,033340.KQ
1347,중앙백신,072020.KQ
1348,지어소프트,051160.KQ
1349,지엔원에너지,270520.KQ
1350,청보산업,013720.KQ
1351,카스,016920.KQ
1352,컬러레이,900310.KQ
1353,케이비17호스팩,317030.KQ
1354,케이에스피,073010.KQ
1355,코디,080530.KQ
1356,코리아센터,290510.KQ
1357,코오롱생명과학,102940.KQ
1358,큐리언트,115180.KQ
1359,크린앤사이언스,045520.KQ
1360,태웅,044490.KQ
1361,테라셈,182690.KQ
1362,토박스코리아,215480.KQ
1363,티케이케미칼,104480.KQ
1364,팅크웨어,084730.KQ
1365,파라텍,033540.KQ
1366,팜스토리,027710.KQ
1367,푸드나무,290720.KQ
1368,푸른저축은행,007330.KQ
1369,프리엠스,053160.KQ
1370,플랜티넷,075130.KQ
1371,피엔티,137400.KQ
1372,피제이메탈,128660.KQ
1373,하나머티리얼즈,166090.KQ
1374,한국선재,025550.KQ
1375,한국전자인증,041460.KQ
1376,한국정보공학,039740.KQ
1377,한국큐빅,021650.KQ
1378,한국테크놀로지,053590.KQ
1379,한독크린텍,256150.KQ
1380,한양이엔지,045100.KQ
1381,한화플러스제1호스팩,340440.KQ
1382,현대사료,016790.KQ
1383,현우산업,092300.KQ
1384,현진소재,053660.KQ
1385,홈캐스트,064240.KQ
1386,휴메딕스,200670.KQ
1387,BET,036820.KQ
1388,CJ E&M,130960.KQ
1389,IBKS스팩1호,126680.KQ
1390,ST&I,031800.KQ
1391,건영종합건설,022130.KQ
1392,굿라이프5-MF,037500.KQ
1393,굿이엠지,051530.KQ
1394,글로포스트,037830.KQ
1395,남성알미늄,033220.KQ
1396,넥스텔,037220.KQ
1397,넷웨이브,047730.KQ
1398,대국,042340.KQ
1399,대동,014380.KQ
1400,대웅바이오,016890.KQ
1401,동남리스,026240.KQ
1402,동신특강,024920.KQ
1403,동양텔레콤,007150.KQ
1404,동화금고,007260.KQ
1405,두원중공업,013900.KQ
1406,드림라인,035430.KQ
1407,디지텍시스템,091690.KQ
1408,라이카,011900.KQ
1409,리더컴,056140.KQ
1410,모린스,110310.KQ
1411,미래에셋실크로드펀드,035300.KQ
1412,미래에셋오리엔탈혼합,067700.KQ
1413,미래에셋이글이호펀드,034460.KQ
1414,미래에셋크린채권형일,035820.KQ
1415,미성포리테크,094700.KQ
1416,박현주2호,034170.KQ
1417,박현주5호,038030.KQ
1418,박현주6호,038480.KQ
1419,보진재,030950.KQ
1420,부국퓨쳐스타즈스팩,123300.KQ
1421,삼송공업,015180.KQ
1422,삼한실업,009950.KQ
1423,삼한콘트롤스,033070.KQ
1424,서울창업투자,019460.KQ
1425,성융광전투자,900150.KQ
1426,소예,035010.KQ
1427,신양오라컴,086830.KQ
1428,신지소프트,078700.KQ
1429,신한모방,019730.KQ
1430,실크성장삼호,045860.KQ
1431,아구스,078670.KQ
1432,아이드림,066850.KQ
1433,아이비진,039060.KQ
1434,아이씨켐,020490.KQ
1435,알티전자,032290.KQ
1436,애드모바일,032600.KQ
1437,어울림 네트,042820.KQ
1438,어울림엘시스,033280.KQ
1439,어플라이드,053960.KQ
1440,업필,054370.KQ
1441,에너윈,055970.KQ
1442,에스비아이앤솔로몬스,123910.KQ
1443,에이원마이크로,037380.KQ
1444,에임하이,043580.KQ
1445,에코페트로시스템,042870.KQ
1446,엑스로드,074140.KQ
1447,엔빅스,054170.KQ
1448,엠넷미디어,056200.KQ
1449,옥션,043790.KQ
1450,우주통신,054080.KQ
1451,위노바,039790.KQ
1452,유니씨앤티,040780.KQ
1453,유리세이프롱숏채권혼,058910.KQ
1454,유리앙상블,039280.KQ
1455,유진화학,003430.KQ
1456,이노블루,066200.KQ
1457,이루넷,041030.KQ
1458,제넥셀,034660.KQ
1459,제일창투,026540.KQ
1460,중앙리스금융,021870.KQ
1461,지이엔에프,038920.KQ
1462,창민테크,042960.KQ
1463,챌린지전환1,035670.KQ
1464,캡스,007020.KQ
1465,케이디세코,073780.KQ
1466,케이엔씨글로벌,068150.KQ
1467,케이엠에스,038830.KQ
1468,코리아이앤디,027440.KQ
1469,코스모스피엘씨,053170.KQ
1470,큐닉스컴퓨터,015530.KQ
1471,큐앤에스,052880.KQ
1472,클루넷,067130.KQ
1473,키움스팩3호,218710.KQ
1474,터보테크,032420.KQ
1475,테라,032780.KQ
1476,트라이써클,034010.KQ
1477,티브로드도봉강북방송,035210.KQ
1478,티에스엠텍,066350.KQ
1479,평산,089480.KQ
1480,포이보스,038810.KQ
1481,하이에이아이1호스팩,235010.KQ
1482,한가족주식,040380.KQ
1483,한도하이테크,060660.KQ
1484,해피드림,065180.KQ
1485,헤쎄나,036270.KQ
1486,현대에이블스팩1호,204760.KQ
1487,현대정보기술,026180.KQ
1488,호성,035870.KQ
1489,호크아이즈증권투자회,034760.KQ
1490,화인썬트로닉스,038520.KQ
1491,휴먼이노텍,013630.KQ
1492,히스토스템,036840.KQ
1493,3S,060310.KQ
1494,EMW,079190.KQ
1495,JYP Ent.,035900.KQ
1496,RFHIC,218410.KQ
1497,경남제약,053950.KQ
1498,고려신용정보,049720.KQ
1499,광진실업,026910.KQ
1500,그린플러스,186230.KQ
1501,기산텔레콤,035460.KQ
1502,나무기술,242040.KQ
1503,나이스디앤비,130580.KQ
1504,네오셈,253590.KQ
1505,네패스,033640.KQ
1506,대동금속,020400.KQ
1507,대림제지,017650.KQ
1508,대신밸런스제6호스팩,307750.KQ
1509,대신정보통신,020180.KQ
1510,더블유에프엠,035290.KQ
1511,동국알앤에스,075970.KQ
1512,동우팜투테이블,088910.KQ
1513,동운아나텍,094170.KQ
1514,디아이티,110990.KQ
1515,디에이치피코리아,131030.KQ
1516,디케이락,105740.KQ
1517,디케이티,290550.KQ
1518,라온시큐어,042510.KQ
1519,라파스,214260.KQ
1520,리노스,039980.KQ
1521,리더스 기술투자,019570.KQ
1522,마이크로컨텍솔,098120.KQ
1523,매직마이크로,127160.KQ
1524,메가스터디,072870.KQ
1525,메지온,140410.KQ
1526,모다이노칩,080420.KQ
1527,미디어젠,279600.KQ
1528,미래SCI,028040.KQ
1529,미래나노텍,095500.KQ
1530,미래테크놀로지,213090.KQ
1531,바이오리더스,142760.KQ
1532,바이오빌,065940.KQ
1533,뷰웍스,100120.KQ
1534,브레인콘텐츠,066980.KQ
1535,블루콤,033560.KQ
1536,비에이치,090460.KQ
1537,비츠로테크,042370.KQ
1538,비피도,238200.KQ
1539,빅텍,065450.KQ
1540,삼강엠앤티,100090.KQ
1541,삼보산업,009620.KQ
1542,삼성머스트스팩3호,309930.KQ
1543,삼표시멘트,038500.KQ
1544,상상인이안1호스팩,307870.KQ
1545,선광,003100.KQ
1546,세진티에스,067770.KQ
1547,세화피앤씨,252500.KQ
1548,셀리드,299660.KQ
1549,신화콘텍,187270.KQ
1550,쌍용정보통신,010280.KQ
1551,쎄니트,037760.KQ
1552,씨씨에스,066790.KQ
1553,씨엔플러스,115530.KQ
1554,아시아경제,127710.KQ
1555,아이디스홀딩스,054800.KQ
1556,아이쓰리시스템,214430.KQ
1557,아이씨케이,068940.KQ
1558,아이톡시,052770.KQ
1559,아주IB투자,027360.KQ
1560,안국약품,001540.KQ
1561,알톤스포츠,123750.KQ
1562,알파홀딩스,117670.KQ
1563,압타바이오,293780.KQ
1564,야스,255440.KQ
1565,에스모,073070.KQ
1566,에스에너지,095910.KQ
1567,에스에이티,060540.KQ
1568,에스엔유,080000.KQ
1569,에스티오,098660.KQ
1570,에이앤티앤,050320.KQ
1571,에이에프더블류,312610.KQ
1572,에이테크솔루션,071670.KQ
1573,에프엔씨엔터,173940.KQ
1574,엔지스테크널러지,208860.KQ
1575,엠에스씨,009780.KQ
1576,엠젠플러스,032790.KQ
1577,오디텍,080520.KQ
1578,오로라,039830.KQ
1579,오킨스전자,080580.KQ
1580,와이엔텍,067900.KQ
1581,와이지엔터테인먼트,122870.KQ
1582,우리기술투자,041190.KQ
1583,우리로,046970.KQ
1584,우리산업,215360.KQ
1585,우주일렉트로,065680.KQ
1586,우진비앤지,018620.KQ
1587,웹케시,053580.KQ
1588,위니아딤채,071460.KQ
1589,위지윅스튜디오,299900.KQ
1590,윈스,136540.KQ
1591,유라테크,048430.KQ
1592,유앤아이,056090.KQ
1593,유틸렉스,263050.KQ
1594,이그잭스,060230.KQ
1595,이노와이즈,086250.KQ
1596,이노테라피,246960.KQ
1597,이니텍,053350.KQ
1598,이베스트투자증권,078020.KQ
1599,인바디,041830.KQ
1600,인산가,277410.KQ
1601,인지디스플레,037330.KQ
1602,인콘,083640.KQ
1603,인크로스,216050.KQ
1604,인터엠,017250.KQ
1605,일지테크,019540.KQ
1606,제이엠아이,033050.KQ
1607,조이맥스,101730.KQ
1608,지노믹트리,228760.KQ
1609,지니틱스,303030.KQ
1610,진로발효,018120.KQ
1611,차이나그레이트,900040.KQ
1612,체리부로,066360.KQ
1613,초록뱀,047820.KQ
1614,컴투스,078340.KQ
1615,케이디켐,221980.KQ
1616,케이씨티,089150.KQ
1617,케이피에스,256940.KQ
1618,코리아에스이,101670.KQ
1619,코아스템,166480.KQ
1620,큐렉소,060280.KQ
1621,큐로컴,040350.KQ
1622,큐브앤컴퍼니,043090.KQ
1623,크리스탈,083790.KQ
1624,태양,053620.KQ
1625,테라젠이텍스,066700.KQ
1626,테크윙,089030.KQ
1627,티엘아이,062860.KQ
1628,티움바이오,321550.KQ
1629,파인테크닉스,106240.KQ
1630,팜스빌,318010.KQ
1631,팬스타엔터프라이즈,054300.KQ
1632,펄어비스,263750.KQ
1633,평화정공,043370.KQ
1634,포메탈,119500.KQ
1635,포스코 ICT,022100.KQ
1636,플레이위드,023770.KQ
1637,피씨엘,241820.KQ
1638,피피아이,062970.KQ
1639,하나금융13호스팩,320000.KQ
1640,하나금융9호스팩,261200.KQ
1641,하이제4호스팩,317240.KQ
1642,한국정보인증,053300.KQ
1643,한국제8호스팩,310870.KQ
1644,한류타임즈,039670.KQ
1645,한스바이오메드,042520.KQ
1646,한창산업,079170.KQ
1647,한화에스비아이스팩,317320.KQ
1648,해덕파워웨이,102210.KQ
1649,현대공업,170030.KQ
1650,화신정공,126640.KQ
1651,휴림로봇,090710.KQ
1652,휴마시스,205470.KQ
1653,휴비츠,065510.KQ
1654,흥구석유,024060.KQ
1655,흥국,010240.KQ
1656,(주)이동수에프엔지,020880.KQ
1657,AD모터스,038120.KQ
1658,AJS,013340.KQ
1659,C&S자산관리,032040.KQ
1660,CJ인터넷,037150.KQ
1661,CL,035710.KQ
1662,CU전자,056340.KQ
1663,H1바이오,052310.KQ
1664,KTB코스닥1,042310.KQ
1665,i 인프라,008780.KQ
1666,경남리스,021930.KQ
1667,경동,009590.KQ
1668,고려,025960.KQ
1669,골든브릿지제3호스팩,219580.KQ
1670,국민카드,031150.KQ
1671,국제밸브공업,011360.KQ
1672,다산,015150.KQ
1673,다휘,055250.KQ
1674,대우스팩2호,204440.KQ
1675,대진정밀화학,033350.KQ
1676,동부CNI,044640.KQ
1677,동부저축은행,024820.KQ
1678,동부제4호스팩,230490.KQ
1679,동부티에스블랙펄스팩,128910.KQ
1680,동성하이켐,013450.KQ
1681,동원장보고2,039180.KQ
1682,레이젠,047440.KQ
1683,리젠트뮤추얼원자산배,036330.KQ
1684,마이다스차익거래혼합,053530.KQ
1685,마이차익3호-MF,067410.KQ
1686,모닷텔,048150.KQ
1687,모델라인,064720.KQ
1688,모디아,046000.KQ
1689,미래에셋드림사호펀드,035470.KQ
1690,미래에셋박현주드림오,035540.KQ
1691,미래에셋박현주사호펀,034280.KQ
1692,미래에셋제3호스팩,215750.KQ
1693,미주제강,002670.KQ
1694,바이나믹,067850.KQ
1695,바이킹성장일,043700.KQ
1696,박현주 5호,034290.KQ
1697,박현주드림팔호자산배,035860.KQ
1698,부산리스금융,018480.KQ
1699,부영철강,025940.KQ
1700,삼경기전,022020.KQ
1701,삼우빅케치,004750.KQ
1702,삼일공사,003890.KQ
1703,삼협산업,023880.KQ
1704,세니콘,056060.KQ
1705,세실,084450.KQ
1706,세화기술투자,021740.KQ
1707,시노펙스그린테크,037320.KQ
1708,시큐리티KOR,066330.KQ
1709,실크성장1호,042460.KQ
1710,썬코어,051170.KQ
1711,씨모스,037600.KQ
1712,아라온테크,041060.KQ
1713,어필텔레콤,033510.KQ
1714,에듀패스,031950.KQ
1715,에버테크노,070480.KQ
1716,에스브이에이치,046240.KQ
1717,에스피코프,048130.KQ
1718,에이엠에스,044770.KQ
1719,에코솔루션,052510.KQ
1720,엔써,037750.KQ
1721,엔토리노,032590.KQ
1722,엘케이엔씨,047420.KQ
1723,엠바이엔,031970.KQ
1724,영성제강,026920.KQ
1725,오페스,053470.KQ
1726,올리브나인,052970.KQ
1727,옵셔널벤처스,022780.KQ
1728,우리신용카드,022870.KQ
1729,우성아이비,194610.KQ
1730,원익테라세미콘,123100.KQ
1731,웨스테이트,016140.KQ
1732,위다스,056810.KQ
1733,유리뉴앙상블,046520.KQ
1734,유리아이피일,037520.KQ
1735,유리피아이일,036960.KQ
1736,유아이에너지,050050.KQ
1737,유일엔시스,038720.KQ
1738,유진산업,018380.KQ
1739,유진종합개발,023420.KQ
1740,이디디컴퍼니,052650.KQ
1741,이스턴마스텍,025910.KQ
1742,이지클럽,038980.KQ
1743,제너시스템즈,073930.KQ
1744,중앙바이오텍,015170.KQ
1745,지아이바이오,035450.KQ
1746,케미그라스,021090.KQ
1747,케이비드림3호스팩,221950.KQ
1748,코닉스,017210.KQ
1749,코디콤,041800.KQ
1750,쿨투,056020.KQ
1751,키움스팩4호,226850.KQ
1752,태일전자,020100.KQ
1753,테스텍,048510.KQ
1754,트래픽아이티에스,038050.KQ
1755,폴켐,033190.KQ
1756,풍연,017090.KQ
1757,플러스프로핏,036660.KQ
1758,하이드로젠파워,070080.KQ
1759,하이럭스,079340.KQ
1760,한국스팩1호,123290.KQ
1761,한국염공,005470.KQ
1762,한국파트너스,019560.KQ
1763,한보금고,027450.KQ
1764,한주개발,017410.KQ
1765,한화에이스스팩2호,219860.KQ
1766,헤파호프,039350.KQ
1767,화니백화점,031090.KQ
1768,휘튼,066480.KQ
1769,히든챔피언스팩1호,123160.KQ
1770,GRT,900290.KQ
1771,HB테크놀러지,078150.KQ
1772,IBKS제12호스팩,335870.KQ
1773,ISC,095340.KQ
1774,KD,044180.KQ
1775,KG이니시스,035600.KQ
1776,MP한강,219550.KQ
1777,NE능률,053290.KQ
1778,NHN한국사이버결제,060250.KQ
1779,SBI인베스트먼트,019550.KQ
1780,SG,255220.KQ
1781,고려제약,014570.KQ
1782,국일제지,078130.KQ
1783,금강철강,053260.KQ
1784,기가레인,049080.KQ
1785,나노스,151910.KQ
1786,나노캠텍,091970.KQ
1787,나라엠앤디,051490.KQ
1788,나우IB,293580.KQ
1789,내츄럴엔도텍,168330.KQ
1790,네오펙트,290660.KQ
1791,녹십자랩셀,144510.KQ
1792,녹십자웰빙,234690.KQ
1793,뉴로스,126870.KQ
1794,대동기어,008830.KQ
1795,대륙제관,004780.KQ
1796,대명소노시즌,007720.KQ
1797,대모,317850.KQ
1798,대성엘텍,025440.KQ
1799,대성창투,027830.KQ
1800,대양제지,006580.KQ
1801,대정화금,120240.KQ
1802,대창스틸,140520.KQ
1803,덕우전자,263600.KQ
1804,동국S&C,100130.KQ
1805,동성화인텍,033500.KQ
1806,동양에스텍,060380.KQ
1807,동양이엔피,079960.KQ
1808,동일철강,023790.KQ
1809,드래곤플라이,030350.KQ
1810,디스플레이텍,066670.KQ
1811,디에스케이,109740.KQ
1812,디오스텍,196450.KQ
1813,디자인,227100.KQ
1814,디젠스,113810.KQ
1815,디케이디앤아이,033310.KQ
1816,레이,228670.KQ
1817,리메드,302550.KQ
1818,마이크로텍,227950.KQ
1819,매일유업,267980.KQ
1820,맥스로텍,141070.KQ
1821,멀티캠퍼스,067280.KQ
1822,메디프론,065650.KQ
1823,명성티엔에스,257370.KQ
1824,모바일어플라이언스,087260.KQ
1825,미투온,201490.KQ
1826,바른손이앤에이,035620.KQ
1827,바이오로그디바이스,208710.KQ
1828,바이오솔루션,086820.KQ
1829,바이오톡스텍,086040.KQ
1830,버추얼텍,036620.KQ
1831,베스파,299910.KQ
1832,빅솔론,093190.KQ
1833,삼목에스폼,018310.KQ
1834,삼성스팩2호,291230.KQ
1835,상상인,038540.KQ
1836,상신전자,263810.KQ
1837,서진시스템,178320.KQ
1838,서플러스글로벌,140070.KQ
1839,선익시스템,171090.KQ
1840,세틀뱅크,234340.KQ
1841,셀리버리,268600.KQ
1842,셀트리온헬스케어,091990.KQ
1843,소리바다,053110.KQ
1844,소프트센,032680.KQ
1845,솔고바이오,043100.KQ
1846,쇼박스,086980.KQ
1847,스타모빌리티,158310.KQ
1848,시스웍,269620.KQ
1849,시큐브,131090.KQ
1850,신라섬유,001000.KQ
1851,신진에스엠,138070.KQ
1852,심텍홀딩스,036710.KQ
1853,쎌바이오텍,049960.KQ
1854,씨티씨바이오,060590.KQ
1855,씨티케이코스메틱스,260930.KQ
1856,아모그린텍,125210.KQ
1857,아미노로직스,074430.KQ
1858,아이디스,143160.KQ
1859,아이앤씨,052860.KQ
1860,아이에스이커머스,069920.KQ
1861,아이엠,101390.KQ
1862,아진엑스텍,059120.KQ
1863,아톤,158430.KQ
1864,알엔투테크놀로지,148250.KQ
1865,액토즈소프트,052790.KQ
1866,앤씨앤,092600.KQ
1867,에너토크,019990.KQ
1868,에스엠,041510.KQ
1869,에스코넥,096630.KQ
1870,에스티아이,039440.KQ
1871,에이아이비트,039230.KQ
1872,에이치케이,044780.KQ
1873,에이텍,045660.KQ
1874,에코프로,086520.KQ
1875,오리엔탈정공,014940.KQ
1876,오리콤,010470.KQ
1877,오스템,031510.KQ
1878,우리기술,032820.KQ
1879,우정바이오,215380.KQ
1880,월덱스,101160.KQ
1881,웰크론한텍,076080.KQ
1882,웹스,196700.KQ
1883,윙입푸드,900340.KQ
1884,유니셈,036200.KQ
1885,유니트론텍,142210.KQ
1886,유진기업,023410.KQ
1887,유진로봇,056080.KQ
1888,율호,072770.KQ
1889,이라이콤,041520.KQ
1890,이스트아시아홀딩스,900110.KQ
1891,이엑스티,226360.KQ
1892,이엔에프테크놀로지,102710.KQ
1893,이원컴포텍,088290.KQ
1894,이지바이오,035810.KQ
1895,이크레더블,092130.KQ
1896,이화전기,024810.KQ
1897,인트론바이오,048530.KQ
1898,인프라웨어,041020.KQ
1899,일진파워,094820.KQ
1900,자비스,254120.KQ
1901,제노포커스,187420.KQ
1902,제룡산업,147830.KQ
1903,제이에스티나,026040.KQ
1904,젬백스링크,064800.KQ
1905,조이시티,067000.KQ
1906,중앙에너비스,000440.KQ
1907,지에스이,053050.KQ
1908,차바이오텍,085660.KQ
1909,창해에탄올,004650.KQ
1910,청담러닝,096240.KQ
1911,카페24,042000.KQ
1912,케어랩스,263700.KQ
1913,케이알피앤이,060900.KQ
1914,케이엔더블유,105330.KQ
1915,케이엔제이,272110.KQ
1916,케이엠,083550.KQ
1917,케이엠제약,225430.KQ
1918,케이프,064820.KQ
1919,켐트로닉스,089010.KQ
1920,켐트로스,220260.KQ
1921,코닉글로리,094860.KQ
1922,코디엠,224060.KQ
1923,코리아에프티,123410.KQ
1924,큐로홀딩스,051780.KQ
1925,태광,023160.KQ
1926,투비소프트,079970.KQ
1927,티피씨글로벌,130740.KQ
1928,파크시스템스,140860.KQ
1929,파트론,091700.KQ
1930,파티게임즈,194510.KQ
1931,팬젠,222110.KQ
1932,포스코엠텍,009520.KQ
1933,포인트엔지니어링,256630.KQ
1934,포티스,141020.KQ
1935,푸른기술,094940.KQ
1936,퓨쳐스트림네트웍스,214270.KQ
1937,피앤씨테크,237750.KQ
1938,피앤이솔루션,131390.KQ
1939,필로시스헬스케어,057880.KQ
1940,하나금융11호스팩,284620.KQ
1941,하나머스트제6호스팩,307160.KQ
1942,하림지주,003380.KQ
1943,하이소닉,106080.KQ
1944,하이제5호스팩,340120.KQ
1945,하이텍팜,106190.KQ
1946,한국가구,004590.KQ
1947,한국정밀기계,101680.KQ
1948,한빛소프트,047080.KQ
1949,한송네오텍,226440.KQ
1950,한프,066110.KQ
1951,현대통신,039010.KQ
1952,화일약품,061250.KQ
1953,화진,134780.KQ
1954,휘닉스소재,050090.KQ
1955,휴온스글로벌,084110.KQ
1956,3SOFT,036360.KQ
1957,GK파워,054020.KQ
1958,KTB벤처2-MF,039370.KQ
1959,KTB전환형1,037360.KQ
1960,PW제네틱스,065910.KQ
1961,경북콘크리트,008960.KQ
1962,교보5호스팩,223040.KQ
1963,뉴젠비아이티,054650.KQ
1964,다임마이스터보험형일,036440.KQ
1965,대림금속공업,015920.KQ
1966,대우스팩3호,215580.KQ
1967,대한제지,000530.KQ
1968,덴소풍성,047060.KQ
1969,도움,078610.KQ
1970,디브이에스,046400.KQ
1971,디앤샵,090090.KQ
1972,디지텔,037740.KQ
1973,룩손에너지,033550.KQ
1974,리젠트코스,043350.KQ
1975,마이다스페안,045280.KQ
1976,메카포럼,035830.KQ
1977,모빌링크,041310.KQ
1978,모젬,079560.KQ
1979,미래에셋P.B.2호펀드,066030.KQ
1980,미래에셋실크로드자산,036300.KQ
1981,박현주4성장,037780.KQ
1982,박현주드림육호자산배,035700.KQ
1983,벨로체피아노,040750.KQ
1984,보람금고,008160.KQ
1985,블루젬디앤씨,053040.KQ
1986,삼성그랑프리전환형뮤,035520.KQ
1987,삼성수산,052560.KQ
1988,삼화실업,000600.KQ
1989,선일옵트론,014250.KQ
1990,성우몰드,053440.KQ
1991,세이에이스혼합형펀드,052520.KQ
1992,세이채권혼합,045790.KQ
1993,스탠더드텔레,027890.KQ
1994,실리콘화일,082930.KQ
1995,실크성장2호,043400.KQ
1996,쏠라엔텍,030390.KQ
1997,씨디네트웍스,073710.KQ
1998,씨모텍,081090.KQ
1999,아이엠아이티,038100.KQ
2000,아이티센네트웍스,057110.KQ
2001,아이팩토리,053810.KQ
2002,아이피에스,051820.KQ
2003,알이엔,023670.KQ
2004,에프아이투어,047370.KQ
2005,에프티이앤이,065160.KQ
2006,엔에이치스팩7호,217810.KQ
2007,엔케이바이오,019260.KQ
2008,엔하이테크,046720.KQ
2009,엘에스오토모티브,008580.KQ
2010,예당,049000.KQ
2011,예일바이오텍,054250.KQ
2012,옵티멈성장1,045090.KQ
2013,옵티멈전환2,039380.KQ
2014,완리,900180.KQ
2015,우경,025920.KQ
2016,웨이포트,900130.KQ
2017,유리세이프전환혼합형,052530.KQ
2018,유리중립일,036950.KQ
2019,유리프론티어-MF,045550.KQ
2020,유안타제2호스팩,219960.KQ
2021,인네트,041450.KQ
2022,인베스티움사파이어성,034340.KQ
2023,인스프리트,073130.KQ
2024,임광토건,001850.KQ
2025,장복건설,013210.KQ
2026,제이앤유글로벌,086200.KQ
2027,주일,011770.KQ
2028,차이나하오란,900090.KQ
2029,케너텍,062730.KQ
2030,케이디엠,027560.KQ
2031,클라스타,037550.KQ
2032,텔슨정보통신,018180.KQ
2033,트리니티,053070.KQ
2034,파이오니어2-MF,045070.KQ
2035,파인넥스,123260.KQ
2036,포네이처,045290.KQ
2037,플래티넘성1,043380.KQ
2038,플렉스컴,065270.KQ
2039,하이스마텍,057100.KQ
2040,한와이어리스,037020.KQ
2041,한통데이타,045760.KQ
2042,한화수성스팩,265920.KQ
2043,AP시스템,265520.KQ
2044,AP위성,211270.KQ
2045,GV,045890.KQ
2046,S&K폴리텍,091340.KQ
2047,SFA반도체,036540.KQ
2048,THE MIDONG,161570.KQ
2049,YTN,040300.KQ
2050,강원,114190.KQ
2051,골프존뉴딘홀딩스,121440.KQ
2052,글로벌에스엠,900070.KQ
2053,글로스퍼랩스,032860.KQ
2054,금화피에스시,036190.KQ
2055,까스텔바작,308100.KQ
2056,나무가,190510.KQ
2057,네오팜,092730.KQ
2058,네온테크,306620.KQ
2059,넥스트아이,137940.KQ
2060,농우바이오,054050.KQ
2061,뉴트리,270870.KQ
2062,다나와,119860.KQ
2063,다믈멀티미디어,093640.KQ
2064,대동스틸,048470.KQ
2065,대보마그네틱,290670.KQ
2066,대신밸런스제8호스팩,336570.KQ
2067,대한광통신,010170.KQ
2068,데이타솔루션,263800.KQ
2069,덱스터,206560.KQ
2070,도이치모터스,067990.KQ
2071,동원개발,013120.KQ
2072,동일금속,109860.KQ
2073,동화기업,025900.KQ
2074,드림시큐리티,203650.KQ
2075,드림어스컴퍼니,060570.KQ
2076,디딤,217620.KQ
2077,디에이테크놀로지,196490.KQ
2078,디와이피엔에프,104460.KQ
2079,디지캡,197140.KQ
2080,디지탈옵틱,106520.KQ
2081,로보티즈,108490.KQ
2082,로체시스템즈,071280.KQ
2083,루멘스,038060.KQ
2084,루트로닉,085370.KQ
2085,리노공업,058470.KQ
2086,마이크로디지탈,305090.KQ
2087,마크로젠,038290.KQ
2088,매커스,093520.KQ
2089,메디아나,041920.KQ
2090,멕아이씨에스,058110.KQ
2091,멜파스,096640.KQ
2092,모다,149940.KQ
2093,모바일리더,100030.KQ
2094,미래컴퍼니,049950.KQ
2095,바른손,018700.KQ
2096,바른테크놀로지,029480.KQ
2097,배럴,267790.KQ
2098,백금T&A,046310.KQ
2099,보성파워텍,006910.KQ
2100,브이원텍,251630.KQ
2101,비씨월드제약,200780.KQ
2102,비아트론,141000.KQ
2103,빛샘전자,072950.KQ
2104,상상인이안제2호스팩,329560.KQ
2105,상상인인더스트리,101000.KQ
2106,서남,294630.KQ
2107,서울제약,018680.KQ
2108,서전기전,189860.KQ
2109,서희건설,035890.KQ
2110,성광벤드,014620.KQ
2111,세동,053060.KQ
2112,세미콘라이트,214310.KQ
2113,세중,039310.KQ
2114,솔브레인,036830.KQ
2115,솔트웍스,230980.KQ
2116,수젠텍,253840.KQ
2117,슈프리마아이디,317770.KQ
2118,스카이이앤엠,131100.KQ
2119,신영스팩6호,344050.KQ
2120,신일제약,012790.KQ
2121,싸이맥스,160980.KQ
2122,썸에이지,208640.KQ
2123,쏠리드,050890.KQ
2124,씨아이에스,222080.KQ
2125,씨에스베어링,297090.KQ
2126,아바코,083930.KQ
2127,아이스크림에듀,289010.KQ
2128,아이에이네트웍스,123010.KQ
2129,아이텍,119830.KQ
2130,알로이스,297570.KQ
2131,양지사,030960.KQ
2132,에스맥,097780.KQ
2133,에스씨디,042110.KQ
2134,에스텍,069510.KQ
2135,에스폴리텍,050760.KQ
2136,에스피시스템스,317830.KQ
2137,에이디테크놀로지,200710.KQ
2138,에이치엘비생명과학,067630.KQ
2139,에이치엘비파워,043220.KQ
2140,에치에프알,230240.KQ
2141,엔시트론,101400.KQ
2142,엘앤씨바이오,290650.KQ
2143,엘앤에프,066970.KQ
2144,엘티씨,170920.KQ
2145,영우디에스피,143540.KQ
2146,영풍정밀,036560.KQ
2147,예선테크,250930.KQ
2148,오리엔트정공,065500.KQ
2149,오상자이엘,053980.KQ
2150,오스코텍,039200.KQ
2151,오파스넷,173130.KQ
2152,올릭스,226950.KQ
2153,옴니시스템,057540.KQ
2154,옴니텔,057680.KQ
2155,와토스코리아,079000.KQ
2156,우리이앤엘,153490.KQ
2157,우원개발,046940.KQ
2158,위즈코프,038620.KQ
2159,윈팩,097800.KQ
2160,유바이오로직스,206650.KQ
2161,유비케어,032620.KQ
2162,유비쿼스홀딩스,078070.KQ
2163,유안타제3호스팩,287410.KQ
2164,유진스팩4호,321260.KQ
2165,이노메트리,302430.KQ
2166,이베스트이안스팩1호,323210.KQ
2167,이씨에스,067010.KQ
2168,이오테크닉스,039030.KQ
2169,인터파크홀딩스,035080.KQ
2170,인트로메딕,150840.KQ
2171,인화정공,101930.KQ
2172,자안,221610.KQ
2173,자연과환경,043910.KQ
2174,정산애강,022220.KQ
2175,제넥신,095700.KQ
2176,제닉,123330.KQ
2177,제이브이엠,054950.KQ
2178,제이엔케이히터,126880.KQ
2179,제이엘케이,322510.KQ
2180,제일테크노스,038010.KQ
2181,제테마,216080.KQ
2182,중앙오션,054180.KQ
2183,지와이커머스,111820.KQ
2184,진양제약,007370.KQ
2185,천랩,311690.KQ
2186,캔서롭,180400.KQ
2187,케이맥,043290.KQ
2188,케이엘넷,039420.KQ
2189,케이엠더블유,032500.KQ
2190,케이프이에스제4호,347140.KQ
2191,코렌텍,104540.KQ
2192,코리아나,027050.KQ
2193,코스나인,082660.KQ
2194,코아시아,045970.KQ
2195,코오롱티슈진,950160.KQ
2196,코윈테크,282880.KQ
2197,코콤,015710.KQ
2198,큐에스아이,066310.KQ
2199,크루셜텍,114120.KQ
2200,크리스에프앤씨,110790.KQ
2201,클래시스,214150.KQ
2202,테스,095610.KQ
2203,텔레칩스,054450.KQ
2204,텔레필드,091440.KQ
2205,톱텍,108230.KQ
2206,티비씨,033830.KQ
2207,티플랙스,081150.KQ
2208,파나진,046210.KQ
2209,파이오링크,170790.KQ
2210,포비스티앤씨,016670.KQ
2211,퓨전,195440.KQ
2212,프럼파스트,035200.KQ
2213,플리토,300080.KQ
2214,피제이전자,006140.KQ
2215,하림,136480.KQ
2216,하이비젼시스템,126700.KQ
2217,하츠,066130.KQ
2218,한국기업평가,034950.KQ
2219,한국제6호스팩,281410.KQ
2220,한네트,052600.KQ
2221,한라IMS,092460.KQ
2222,한류AI센터,222810.KQ
2223,해성산업,034810.KQ
2224,해성옵틱스,076610.KQ
2225,핸디소프트,220180.KQ
2226,홈센타홀딩스,060560.KQ
2227,힘스,238490.KQ
